Date,Afghanistan,Albania,Algeria,Andorra,Angola,Antigua and Barbuda,Argentina,Armenia,Australia,Austria,Azerbaijan,Bahamas,Bahrain,Bangladesh,Barbados,Belarus,Belgium,Benin,Bhutan,Bolivia,Bosnia and Herzegovina,Brazil,Brunei,Bulgaria,Burkina Faso,Cabo Verde,Cambodia,Cameroon,Canada,Central African Republic,Chad,Chile,China,Colombia,Congo (Brazzaville),Congo (Kinshasa),Costa Rica,Cote d'Ivoire,Croatia,Diamond Princess,Cuba,Cyprus,Czechia,Denmark,Djibouti,Dominican Republic,Ecuador,Egypt,El Salvador,Equatorial Guinea,Eritrea,Estonia,Eswatini,Ethiopia,Fiji,Finland,France,Gabon,Gambia,Georgia,Germany,Ghana,Greece,Guatemala,Guinea,Guyana,Haiti,Holy See,Honduras,Hungary,Iceland,India,Indonesia,Iran,Iraq,Ireland,Israel,Italy,Jamaica,Japan,Jordan,Kazakhstan,Kenya,"Korea, South",Kuwait,Kyrgyzstan,Latvia,Lebanon,Liberia,Liechtenstein,Lithuania,Luxembourg,Madagascar,Malaysia,Maldives,Malta,Mauritania,Mauritius,Mexico,Moldova,Monaco,Mongolia,Montenegro,Morocco,Namibia,Nepal,Netherlands,New Zealand,Nicaragua,Niger,Nigeria,North Macedonia,Norway,Oman,Pakistan,Panama,Papua New Guinea,Paraguay,Peru,Philippines,Poland,Portugal,Qatar,Romania,Russia,Rwanda,Saint Lucia,Saint Vincent and the Grenadines,San Marino,Saudi Arabia,Senegal,Serbia,Seychelles,Singapore,Slovakia,Slovenia,Somalia,South Africa,Spain,Sri Lanka,Sudan,Suriname,Sweden,Switzerland,Taiwan*,Tanzania,Thailand,Togo,Trinidad and Tobago,Tunisia,Turkey,Uganda,Ukraine,United Arab Emirates,United Kingdom,Uruguay,US,Uzbekistan,Venezuela,Vietnam,Zambia,Zimbabwe,Dominica,Grenada,Mozambique,Syria,Timor-Leste,Belize,Laos,Libya,West Bank and Gaza,Guinea-Bissau,Mali,Saint Kitts and Nevis,Kosovo,Burma,MS Zaandam,Botswana,Burundi,Sierra Leone,Malawi,South Sudan,Western Sahara,Sao Tome and Principe,Yemen,Comoros,Tajikistan
1/22/20,0,0,0,0,0,0,0,0,0,0,0,0,0,0,0,0,0,0,0,0,0,0,0,0,0,0,0,0,0,0,0,0,548,0,0,0,0,0,0,0,0,0,0,0,0,0,0,0,0,0,0,0,0,0,0,0,0,0,0,0,0,0,0,0,0,0,0,0,0,0,0,0,0,0,0,0,0,0,0,2,0,0,0,1,0,0,0,0,0,0,0,0,0,0,0,0,0,0,0,0,0,0,0,0,0,0,0,0,0,0,0,0,0,0,0,0,0,0,0,0,0,0,0,0,0,0,0,0,0,0,0,0,0,0,0,0,0,0,0,0,0,0,0,0,1,0,2,0,0,0,0,0,0,0,0,0,1,0,0,0,0,0,0,0,0,0,0,0,0,0,0,0,0,0,0,0,0,0,0,0,0,0,0,0,0,0,0
1/23/20,0,0,0,0,0,0,0,0,0,0,0,0,0,0,0,0,0,0,0,0,0,0,0,0,0,0,0,0,0,0,0,0,643,0,0,0,0,0,0,0,0,0,0,0,0,0,0,0,0,0,0,0,0,0,0,0,0,0,0,0,0,0,0,0,0,0,0,0,0,0,0,0,0,0,0,0,0,0,0,2,0,0,0,1,0,0,0,0,0,0,0,0,0,0,0,0,0,0,0,0,0,0,0,0,0,0,0,0,0,0,0,0,0,0,0,0,0,0,0,0,0,0,0,0,0,0,0,0,0,0,0,0,0,1,0,0,0,0,0,0,0,0,0,0,1,0,3,0,0,0,0,0,0,0,0,0,1,0,0,2,0,0,0,0,0,0,0,0,0,0,0,0,0,0,0,0,0,0,0,0,0,0,0,0,0,0,0
1/24/20,0,0,0,0,0,0,0,0,0,0,0,0,0,0,0,0,0,0,0,0,0,0,0,0,0,0,0,0,0,0,0,0,920,0,0,0,0,0,0,0,0,0,0,0,0,0,0,0,0,0,0,0,0,0,0,0,2,0,0,0,0,0,0,0,0,0,0,0,0,0,0,0,0,0,0,0,0,0,0,2,0,0,0,2,0,0,0,0,0,0,0,0,0,0,0,0,0,0,0,0,0,0,0,0,0,0,0,0,0,0,0,0,0,0,0,0,0,0,0,0,0,0,0,0,0,0,0,0,0,0,0,0,0,3,0,0,0,0,0,0,0,0,0,0,3,0,5,0,0,0,0,0,0,0,0,0,2,0,0,2,0,0,0,0,0,0,0,0,0,0,0,0,0,0,0,0,0,0,0,0,0,0,0,0,0,0,0
1/25/20,0,0,0,0,0,0,0,0,0,0,0,0,0,0,0,0,0,0,0,0,0,0,0,0,0,0,0,0,0,0,0,0,1406,0,0,0,0,0,0,0,0,0,0,0,0,0,0,0,0,0,0,0,0,0,0,0,3,0,0,0,0,0,0,0,0,0,0,0,0,0,0,0,0,0,0,0,0,0,0,2,0,0,0,2,0,0,0,0,0,0,0,0,0,3,0,0,0,0,0,0,0,0,0,0,0,1,0,0,0,0,0,0,0,0,0,0,0,0,0,0,0,0,0,0,0,0,0,0,0,0,0,0,0,3,0,0,0,0,0,0,0,0,0,0,3,0,7,0,0,0,0,0,0,0,0,0,2,0,0,2,0,0,0,0,0,0,0,0,0,0,0,0,0,0,0,0,0,0,0,0,0,0,0,0,0,0,0
1/26/20,0,0,0,0,0,0,0,0,4,0,0,0,0,0,0,0,0,0,0,0,0,0,0,0,0,0,0,0,1,0,0,0,2075,0,0,0,0,0,0,0,0,0,0,0,0,0,0,0,0,0,0,0,0,0,0,0,3,0,0,0,0,0,0,0,0,0,0,0,0,0,0,0,0,0,0,0,0,0,0,4,0,0,0,3,0,0,0,0,0,0,0,0,0,4,0,0,0,0,0,0,0,0,0,0,0,1,0,0,0,0,0,0,0,0,0,0,0,0,0,0,0,0,0,0,0,0,0,0,0,0,0,0,0,4,0,0,0,0,0,0,0,0,0,0,4,0,8,0,0,0,0,0,0,0,0,0,5,0,0,2,0,0,0,0,0,0,0,0,0,0,0,0,0,0,0,0,0,0,0,0,0,0,0,0,0,0,0
1/27/20,0,0,0,0,0,0,0,0,5,0,0,0,0,0,0,0,0,0,0,0,0,0,0,0,0,0,1,0,1,0,0,0,2877,0,0,0,0,0,0,0,0,0,0,0,0,0,0,0,0,0,0,0,0,0,0,0,3,0,0,0,1,0,0,0,0,0,0,0,0,0,0,0,0,0,0,0,0,0,0,4,0,0,0,4,0,0,0,0,0,0,0,0,0,4,0,0,0,0,0,0,0,0,0,0,0,1,0,0,0,0,0,0,0,0,0,0,0,0,0,0,0,0,0,0,0,0,0,0,0,0,0,0,0,5,0,0,0,0,0,1,0,0,0,0,5,0,8,0,0,0,0,0,0,0,0,0,5,0,0,2,0,0,0,0,0,0,0,0,0,0,0,0,0,0,0,0,0,0,0,0,0,0,0,0,0,0,0
1/28/20,0,0,0,0,0,0,0,0,5,0,0,0,0,0,0,0,0,0,0,0,0,0,0,0,0,0,1,0,2,0,0,0,5509,0,0,0,0,0,0,0,0,0,0,0,0,0,0,0,0,0,0,0,0,0,0,0,4,0,0,0,4,0,0,0,0,0,0,0,0,0,0,0,0,0,0,0,0,0,0,7,0,0,0,4,0,0,0,0,0,0,0,0,0,4,0,0,0,0,0,0,0,0,0,0,0,1,0,0,0,0,0,0,0,0,0,0,0,0,0,0,0,0,0,0,0,0,0,0,0,0,0,0,0,7,0,0,0,0,0,1,0,0,0,0,8,0,14,0,0,0,0,0,0,0,0,0,5,0,0,2,0,0,0,0,0,0,0,0,0,0,0,0,0,0,0,0,0,0,0,0,0,0,0,0,0,0,0
1/29/20,0,0,0,0,0,0,0,0,6,0,0,0,0,0,0,0,0,0,0,0,0,0,0,0,0,0,1,0,2,0,0,0,6087,0,0,0,0,0,0,0,0,0,0,0,0,0,0,0,0,0,0,0,0,0,0,1,5,0,0,0,4,0,0,0,0,0,0,0,0,0,0,0,0,0,0,0,0,0,0,7,0,0,0,4,0,0,0,0,0,0,0,0,0,7,0,0,0,0,0,0,0,0,0,0,0,1,0,0,0,0,0,0,0,0,0,0,0,0,0,0,0,0,0,0,0,0,0,0,0,0,0,0,0,7,0,0,0,0,0,1,0,0,0,0,8,0,14,0,0,0,0,0,0,4,0,0,5,0,0,2,0,0,0,0,0,0,0,0,0,0,0,0,0,0,0,0,0,0,0,0,0,0,0,0,0,0,0
1/30/20,0,0,0,0,0,0,0,0,9,0,0,0,0,0,0,0,0,0,0,0,0,0,0,0,0,0,1,0,2,0,0,0,8141,0,0,0,0,0,0,0,0,0,0,0,0,0,0,0,0,0,0,0,0,0,0,1,5,0,0,0,4,0,0,0,0,0,0,0,0,0,0,1,0,0,0,0,0,0,0,11,0,0,0,4,0,0,0,0,0,0,0,0,0,8,0,0,0,0,0,0,0,0,0,0,0,1,0,0,0,0,0,0,0,0,0,0,0,0,0,1,0,0,0,0,0,0,0,0,0,0,0,0,0,10,0,0,0,0,0,1,0,0,0,0,9,0,14,0,0,0,0,0,0,4,0,0,5,0,0,2,0,0,0,0,0,0,0,0,0,0,0,0,0,0,0,0,0,0,0,0,0,0,0,0,0,0,0
1/31/20,0,0,0,0,0,0,0,0,9,0,0,0,0,0,0,0,0,0,0,0,0,0,0,0,0,0,1,0,4,0,0,0,9802,0,0,0,0,0,0,0,0,0,0,0,0,0,0,0,0,0,0,0,0,0,0,1,5,0,0,0,5,0,0,0,0,0,0,0,0,0,0,1,0,0,0,0,0,2,0,15,0,0,0,11,0,0,0,0,0,0,0,0,0,8,0,0,0,0,0,0,0,0,0,0,0,1,0,0,0,0,0,0,0,0,0,0,0,0,0,1,0,0,0,0,2,0,0,0,0,0,0,0,0,13,0,0,0,0,0,1,0,0,1,0,10,0,19,0,0,0,0,0,0,4,2,0,7,0,0,2,0,0,0,0,0,0,0,0,0,0,0,0,0,0,0,0,0,0,0,0,0,0,0,0,0,0,0
2/1/20,0,0,0,0,0,0,0,0,12,0,0,0,0,0,0,0,0,0,0,0,0,0,0,0,0,0,1,0,4,0,0,0,11891,0,0,0,0,0,0,0,0,0,0,0,0,0,0,0,0,0,0,0,0,0,0,1,6,0,0,0,8,0,0,0,0,0,0,0,0,0,0,1,0,0,0,0,0,2,0,20,0,0,0,12,0,0,0,0,0,0,0,0,0,8,0,0,0,0,0,0,0,0,0,0,0,1,0,0,0,0,0,0,0,0,0,0,0,0,0,1,0,0,0,0,2,0,0,0,0,0,0,0,0,16,0,0,0,0,1,1,0,0,1,0,10,0,19,0,0,0,0,0,0,4,2,0,8,0,0,6,0,0,0,0,0,0,0,0,0,0,0,0,0,0,0,0,0,0,0,0,0,0,0,0,0,0,0
2/2/20,0,0,0,0,0,0,0,0,12,0,0,0,0,0,0,0,0,0,0,0,0,0,0,0,0,0,1,0,4,0,0,0,16630,0,0,0,0,0,0,0,0,0,0,0,0,0,0,0,0,0,0,0,0,0,0,1,6,0,0,0,10,0,0,0,0,0,0,0,0,0,0,2,0,0,0,0,0,2,0,20,0,0,0,15,0,0,0,0,0,0,0,0,0,8,0,0,0,0,0,0,0,0,0,0,0,1,0,0,0,0,0,0,0,0,0,0,0,0,0,2,0,0,0,0,2,0,0,0,0,0,0,0,0,18,0,0,0,0,1,1,0,0,1,0,10,0,19,0,0,0,0,0,0,5,2,0,8,0,0,6,0,0,0,0,0,0,0,0,0,0,0,0,0,0,0,0,0,0,0,0,0,0,0,0,0,0,0
2/3/20,0,0,0,0,0,0,0,0,12,0,0,0,0,0,0,0,0,0,0,0,0,0,0,0,0,0,1,0,4,0,0,0,19716,0,0,0,0,0,0,0,0,0,0,0,0,0,0,0,0,0,0,0,0,0,0,1,6,0,0,0,12,0,0,0,0,0,0,0,0,0,0,3,0,0,0,0,0,2,0,20,0,0,0,15,0,0,0,0,0,0,0,0,0,8,0,0,0,0,0,0,0,0,0,0,0,1,0,0,0,0,0,0,0,0,0,0,0,0,0,2,0,0,0,0,2,0,0,0,0,0,0,0,0,18,0,0,0,0,1,1,0,0,1,0,10,0,19,0,0,0,0,0,0,5,2,0,11,0,0,8,0,0,0,0,0,0,0,0,0,0,0,0,0,0,0,0,0,0,0,0,0,0,0,0,0,0,0
2/4/20,0,0,0,0,0,0,0,0,13,0,0,0,0,0,0,0,1,0,0,0,0,0,0,0,0,0,1,0,4,0,0,0,23707,0,0,0,0,0,0,0,0,0,0,0,0,0,0,0,0,0,0,0,0,0,0,1,6,0,0,0,12,0,0,0,0,0,0,0,0,0,0,3,0,0,0,0,0,2,0,22,0,0,0,16,0,0,0,0,0,0,0,0,0,10,0,0,0,0,0,0,0,0,0,0,0,1,0,0,0,0,0,0,0,0,0,0,0,0,0,2,0,0,0,0,2,0,0,0,0,0,0,0,0,24,0,0,0,0,1,1,0,0,1,0,11,0,25,0,0,0,0,0,0,5,2,0,11,0,0,8,0,0,0,0,0,0,0,0,0,0,0,0,0,0,0,0,0,0,0,0,0,0,0,0,0,0,0
2/5/20,0,0,0,0,0,0,0,0,13,0,0,0,0,0,0,0,1,0,0,0,0,0,0,0,0,0,1,0,5,0,0,0,27440,0,0,0,0,0,0,0,0,0,0,0,0,0,0,0,0,0,0,0,0,0,0,1,6,0,0,0,12,0,0,0,0,0,0,0,0,0,0,3,0,0,0,0,0,2,0,22,0,0,0,19,0,0,0,0,0,0,0,0,0,12,0,0,0,0,0,0,0,0,0,0,0,1,0,0,0,0,0,0,0,0,0,0,0,0,0,2,0,0,0,0,2,0,0,0,0,0,0,0,0,28,0,0,0,0,1,1,0,0,1,0,11,0,25,0,0,0,0,0,0,5,2,0,11,0,0,8,0,0,0,0,0,0,0,0,0,0,0,0,0,0,0,0,0,0,0,0,0,0,0,0,0,0,0
2/6/20,0,0,0,0,0,0,0,0,14,0,0,0,0,0,0,0,1,0,0,0,0,0,0,0,0,0,1,0,5,0,0,0,30587,0,0,0,0,0,0,0,0,0,0,0,0,0,0,0,0,0,0,0,0,0,0,1,6,0,0,0,12,0,0,0,0,0,0,0,0,0,0,3,0,0,0,0,0,2,0,22,0,0,0,23,0,0,0,0,0,0,0,0,0,12,0,0,0,0,0,0,0,0,0,0,0,1,0,0,0,0,0,0,0,0,0,0,0,0,0,2,0,0,0,0,2,0,0,0,0,0,0,0,0,28,0,0,0,0,1,1,0,0,1,0,16,0,25,0,0,0,0,0,0,5,2,0,11,0,0,10,0,0,0,0,0,0,0,0,0,0,0,0,0,0,0,0,0,0,0,0,0,0,0,0,0,0,0
2/7/20,0,0,0,0,0,0,0,0,15,0,0,0,0,0,0,0,1,0,0,0,0,0,0,0,0,0,1,0,7,0,0,0,34110,0,0,0,0,0,0,61,0,0,0,0,0,0,0,0,0,0,0,0,0,0,0,1,6,0,0,0,13,0,0,0,0,0,0,0,0,0,0,3,0,0,0,0,0,3,0,25,0,0,0,24,0,0,0,0,0,0,0,0,0,12,0,0,0,0,0,0,0,0,0,0,0,1,0,0,0,0,0,0,0,0,0,0,0,0,0,3,0,0,0,0,2,0,0,0,0,0,0,0,0,30,0,0,0,0,1,1,0,0,1,0,16,0,25,0,0,0,0,0,0,5,3,0,11,0,0,10,0,0,0,0,0,0,0,0,0,0,0,0,0,0,0,0,0,0,0,0,0,0,0,0,0,0,0
2/8/20,0,0,0,0,0,0,0,0,15,0,0,0,0,0,0,0,1,0,0,0,0,0,0,0,0,0,1,0,7,0,0,0,36814,0,0,0,0,0,0,61,0,0,0,0,0,0,0,0,0,0,0,0,0,0,0,1,11,0,0,0,13,0,0,0,0,0,0,0,0,0,0,3,0,0,0,0,0,3,0,25,0,0,0,24,0,0,0,0,0,0,0,0,0,16,0,0,0,0,0,0,0,0,0,0,0,1,0,0,0,0,0,0,0,0,0,0,0,0,0,3,0,0,0,0,2,0,0,0,0,0,0,0,0,33,0,0,0,0,1,1,0,0,1,0,17,0,32,0,0,0,0,0,0,7,3,0,11,0,0,13,0,0,0,0,0,0,0,0,0,0,0,0,0,0,0,0,0,0,0,0,0,0,0,0,0,0,0
2/9/20,0,0,0,0,0,0,0,0,15,0,0,0,0,0,0,0,1,0,0,0,0,0,0,0,0,0,1,0,7,0,0,0,39829,0,0,0,0,0,0,64,0,0,0,0,0,0,0,0,0,0,0,0,0,0,0,1,11,0,0,0,14,0,0,0,0,0,0,0,0,0,0,3,0,0,0,0,0,3,0,26,0,0,0,25,0,0,0,0,0,0,0,0,0,16,0,0,0,0,0,0,0,0,0,0,0,1,0,0,0,0,0,0,0,0,0,0,0,0,0,3,0,0,0,0,2,0,0,0,0,0,0,0,0,40,0,0,0,0,2,1,0,0,1,0,18,0,32,0,0,0,0,0,0,7,3,0,11,0,0,13,0,0,0,0,0,0,0,0,0,0,0,0,0,0,0,0,0,0,0,0,0,0,0,0,0,0,0
2/10/20,0,0,0,0,0,0,0,0,15,0,0,0,0,0,0,0,1,0,0,0,0,0,0,0,0,0,1,0,7,0,0,0,42354,0,0,0,0,0,0,135,0,0,0,0,0,0,0,0,0,0,0,0,0,0,0,1,11,0,0,0,14,0,0,0,0,0,0,0,0,0,0,3,0,0,0,0,0,3,0,26,0,0,0,27,0,0,0,0,0,0,0,0,0,18,0,0,0,0,0,0,0,0,0,0,0,1,0,0,0,0,0,0,0,0,0,0,0,0,0,3,0,0,0,0,2,0,0,0,0,0,0,0,0,45,0,0,0,0,2,1,0,0,1,0,18,0,32,0,0,0,0,0,0,8,8,0,11,0,0,14,0,0,0,0,0,0,0,0,0,0,0,0,0,0,0,0,0,0,0,0,0,0,0,0,0,0,0
2/11/20,0,0,0,0,0,0,0,0,15,0,0,0,0,0,0,0,1,0,0,0,0,0,0,0,0,0,1,0,7,0,0,0,44386,0,0,0,0,0,0,135,0,0,0,0,0,0,0,0,0,0,0,0,0,0,0,1,11,0,0,0,16,0,0,0,0,0,0,0,0,0,0,3,0,0,0,0,0,3,0,26,0,0,0,28,0,0,0,0,0,0,0,0,0,18,0,0,0,0,0,0,0,0,0,0,0,1,0,0,0,0,0,0,0,0,0,0,0,0,0,3,0,0,0,0,2,0,0,0,0,0,0,0,0,47,0,0,0,0,2,1,0,0,1,0,18,0,33,0,0,0,0,0,0,8,8,0,12,0,0,15,0,0,0,0,0,0,0,0,0,0,0,0,0,0,0,0,0,0,0,0,0,0,0,0,0,0,0
2/12/20,0,0,0,0,0,0,0,0,15,0,0,0,0,0,0,0,1,0,0,0,0,0,0,0,0,0,1,0,7,0,0,0,44759,0,0,0,0,0,0,175,0,0,0,0,0,0,0,0,0,0,0,0,0,0,0,1,11,0,0,0,16,0,0,0,0,0,0,0,0,0,0,3,0,0,0,0,0,3,0,28,0,0,0,28,0,0,0,0,0,0,0,0,0,18,0,0,0,0,0,0,0,0,0,0,0,1,0,0,0,0,0,0,0,0,0,0,0,0,0,3,0,0,0,0,2,0,0,0,0,0,0,0,0,50,0,0,0,0,2,1,0,0,1,0,18,0,33,0,0,0,0,0,0,8,9,0,12,0,0,15,0,0,0,0,0,0,0,0,0,0,0,0,0,0,0,0,0,0,0,0,0,0,0,0,0,0,0
2/13/20,0,0,0,0,0,0,0,0,15,0,0,0,0,0,0,0,1,0,0,0,0,0,0,0,0,0,1,0,7,0,0,0,59895,0,0,0,0,0,0,175,0,0,0,0,0,0,0,0,0,0,0,0,0,0,0,1,11,0,0,0,16,0,0,0,0,0,0,0,0,0,0,3,0,0,0,0,0,3,0,28,0,0,0,28,0,0,0,0,0,0,0,0,0,19,0,0,0,0,0,0,0,0,0,0,0,1,0,0,0,0,0,0,0,0,0,0,0,0,0,3,0,0,0,0,2,0,0,0,0,0,0,0,0,58,0,0,0,0,2,1,0,0,1,0,18,0,33,0,0,0,0,0,0,8,9,0,13,0,0,16,0,0,0,0,0,0,0,0,0,0,0,0,0,0,0,0,0,0,0,0,0,0,0,0,0,0,0
2/14/20,0,0,0,0,0,0,0,0,15,0,0,0,0,0,0,0,1,0,0,0,0,0,0,0,0,0,1,0,7,0,0,0,66358,0,0,0,0,0,0,218,0,0,0,0,0,0,0,1,0,0,0,0,0,0,0,1,11,0,0,0,16,0,0,0,0,0,0,0,0,0,0,3,0,0,0,0,0,3,0,29,0,0,0,28,0,0,0,0,0,0,0,0,0,19,0,0,0,0,0,0,0,0,0,0,0,1,0,0,0,0,0,0,0,0,0,0,0,0,0,3,0,0,0,0,2,0,0,0,0,0,0,0,0,67,0,0,0,0,2,1,0,0,1,0,18,0,33,0,0,0,0,0,0,8,9,0,13,0,0,16,0,0,0,0,0,0,0,0,0,0,0,0,0,0,0,0,0,0,0,0,0,0,0,0,0,0,0
2/15/20,0,0,0,0,0,0,0,0,15,0,0,0,0,0,0,0,1,0,0,0,0,0,0,0,0,0,1,0,7,0,0,0,68413,0,0,0,0,0,0,285,0,0,0,0,0,0,0,1,0,0,0,0,0,0,0,1,12,0,0,0,16,0,0,0,0,0,0,0,0,0,0,3,0,0,0,0,0,3,0,43,0,0,0,28,0,0,0,0,0,0,0,0,0,22,0,0,0,0,0,0,0,0,0,0,0,1,0,0,0,0,0,0,0,0,0,0,0,0,0,3,0,0,0,0,2,0,0,0,0,0,0,0,0,72,0,0,0,0,2,1,0,0,1,0,18,0,33,0,0,0,0,0,0,8,9,0,13,0,0,16,0,0,0,0,0,0,0,0,0,0,0,0,0,0,0,0,0,0,0,0,0,0,0,0,0,0,0
2/16/20,0,0,0,0,0,0,0,0,15,0,0,0,0,0,0,0,1,0,0,0,0,0,0,0,0,0,1,0,7,0,0,0,70513,0,0,0,0,0,0,355,0,0,0,0,0,0,0,1,0,0,0,0,0,0,0,1,12,0,0,0,16,0,0,0,0,0,0,0,0,0,0,3,0,0,0,0,0,3,0,59,0,0,0,29,0,0,0,0,0,0,0,0,0,22,0,0,0,0,0,0,0,0,0,0,0,1,0,0,0,0,0,0,0,0,0,0,0,0,0,3,0,0,0,0,2,0,0,0,0,0,0,0,0,75,0,0,0,0,2,1,0,0,1,0,20,0,34,0,0,0,0,0,0,9,9,0,13,0,0,16,0,0,0,0,0,0,0,0,0,0,0,0,0,0,0,0,0,0,0,0,0,0,0,0,0,0,0
2/17/20,0,0,0,0,0,0,0,0,15,0,0,0,0,0,0,0,1,0,0,0,0,0,0,0,0,0,1,0,8,0,0,0,72434,0,0,0,0,0,0,454,0,0,0,0,0,0,0,1,0,0,0,0,0,0,0,1,12,0,0,0,16,0,0,0,0,0,0,0,0,0,0,3,0,0,0,0,0,3,0,66,0,0,0,30,0,0,0,0,0,0,0,0,0,22,0,0,0,0,0,0,0,0,0,0,0,1,0,0,0,0,0,0,0,0,0,0,0,0,0,3,0,0,0,0,2,0,0,0,0,0,0,0,0,77,0,0,0,0,2,1,0,0,1,0,22,0,35,0,0,0,0,0,0,9,9,0,13,0,0,16,0,0,0,0,0,0,0,0,0,0,0,0,0,0,0,0,0,0,0,0,0,0,0,0,0,0,0
2/18/20,0,0,0,0,0,0,0,0,15,0,0,0,0,0,0,0,1,0,0,0,0,0,0,0,0,0,1,0,8,0,0,0,74211,0,0,0,0,0,0,542,0,0,0,0,0,0,0,1,0,0,0,0,0,0,0,1,12,0,0,0,16,0,0,0,0,0,0,0,0,0,0,3,0,0,0,0,0,3,0,74,0,0,0,31,0,0,0,0,0,0,0,0,0,22,0,0,0,0,0,0,0,0,0,0,0,1,0,0,0,0,0,0,0,0,0,0,0,0,0,3,0,0,0,0,2,0,0,0,0,0,0,0,0,81,0,0,0,0,2,1,0,0,1,0,22,0,35,0,0,0,0,0,0,9,9,0,13,0,0,16,0,0,0,0,0,0,0,0,0,0,0,0,0,0,0,0,0,0,0,0,0,0,0,0,0,0,0
2/19/20,0,0,0,0,0,0,0,0,15,0,0,0,0,0,0,0,1,0,0,0,0,0,0,0,0,0,1,0,8,0,0,0,74619,0,0,0,0,0,0,621,0,0,0,0,0,0,0,1,0,0,0,0,0,0,0,1,12,0,0,0,16,0,0,0,0,0,0,0,0,0,0,3,0,2,0,0,0,3,0,84,0,0,0,31,0,0,0,0,0,0,0,0,0,22,0,0,0,0,0,0,0,0,0,0,0,1,0,0,0,0,0,0,0,0,0,0,0,0,0,3,0,0,0,0,2,0,0,0,0,0,0,0,0,84,0,0,0,0,2,1,0,0,1,0,23,0,35,0,0,0,0,0,0,9,9,0,13,0,0,16,0,0,0,0,0,0,0,0,0,0,0,0,0,0,0,0,0,0,0,0,0,0,0,0,0,0,0
2/20/20,0,0,0,0,0,0,0,0,15,0,0,0,0,0,0,0,1,0,0,0,0,0,0,0,0,0,1,0,8,0,0,0,75077,0,0,0,0,0,0,634,0,0,0,0,0,0,0,1,0,0,0,0,0,0,0,1,12,0,0,0,16,0,0,0,0,0,0,0,0,0,0,3,0,5,0,0,0,3,0,94,0,0,0,104,0,0,0,0,0,0,0,0,0,22,0,0,0,0,0,0,0,0,0,0,0,1,0,0,0,0,0,0,0,0,0,0,0,0,0,3,0,0,0,0,2,0,0,0,0,0,0,0,0,84,0,0,0,0,2,1,0,0,1,0,24,0,35,0,0,0,0,0,0,9,9,0,13,0,0,16,0,0,0,0,0,0,0,0,0,0,0,0,0,0,0,0,0,0,0,0,0,0,0,0,0,0,0
2/21/20,0,0,0,0,0,0,0,0,15,0,0,0,0,0,0,0,1,0,0,0,0,0,0,0,0,0,1,0,9,0,0,0,75550,0,0,0,0,0,0,634,0,0,0,0,0,0,0,1,0,0,0,0,0,0,0,1,12,0,0,0,16,0,0,0,0,0,0,0,0,0,0,3,0,18,0,0,1,20,0,105,0,0,0,204,0,0,0,1,0,0,0,0,0,22,0,0,0,0,0,0,0,0,0,0,0,1,0,0,0,0,0,0,0,0,0,0,0,0,0,3,0,0,0,0,2,0,0,0,0,0,0,0,0,85,0,0,0,0,2,1,0,0,1,0,26,0,35,0,0,0,0,0,0,9,9,0,15,0,0,16,0,0,0,0,0,0,0,0,0,0,0,0,0,0,0,0,0,0,0,0,0,0,0,0,0,0,0
2/22/20,0,0,0,0,0,0,0,0,15,0,0,0,0,0,0,0,1,0,0,0,0,0,0,0,0,0,1,0,9,0,0,0,77001,0,0,0,0,0,0,634,0,0,0,0,0,0,0,1,0,0,0,0,0,0,0,1,12,0,0,0,16,0,0,0,0,0,0,0,0,0,0,3,0,28,0,0,1,62,0,122,0,0,0,433,0,0,0,1,0,0,0,0,0,22,0,0,0,0,0,0,0,0,0,0,0,1,0,0,0,0,0,0,0,0,0,0,0,0,0,3,0,0,0,0,2,0,0,0,0,0,0,0,0,85,0,0,0,0,2,1,0,0,1,0,26,0,35,0,0,0,0,0,0,13,9,0,15,0,0,16,0,0,0,0,0,0,0,0,0,0,0,0,0,0,0,0,0,0,0,0,0,0,0,0,0,0,0
2/23/20,0,0,0,0,0,0,0,0,15,0,0,0,0,0,0,0,1,0,0,0,0,0,0,0,0,0,1,0,9,0,0,0,77022,0,0,0,0,0,0,691,0,0,0,0,0,0,0,1,0,0,0,0,0,0,0,1,12,0,0,0,16,0,0,0,0,0,0,0,0,0,0,3,0,43,0,0,1,155,0,147,0,0,0,602,0,0,0,1,0,0,0,0,0,22,0,0,0,0,0,0,0,0,0,0,0,1,0,0,0,0,0,0,0,0,0,0,0,0,0,3,0,0,0,0,2,0,0,0,0,0,0,0,0,89,0,0,0,0,2,1,0,0,1,0,28,0,35,0,0,0,0,0,0,13,9,0,15,0,0,16,0,0,0,0,0,0,0,0,0,0,0,0,0,0,0,0,0,0,0,0,0,0,0,0,0,0,0
2/24/20,1,0,0,0,0,0,0,0,15,0,0,0,1,0,0,0,1,0,0,0,0,0,0,0,0,0,1,0,10,0,0,0,77241,0,0,0,0,0,0,691,0,0,0,0,0,0,0,1,0,0,0,0,0,0,0,1,12,0,0,0,16,0,0,0,0,0,0,0,0,0,0,3,0,61,1,0,1,229,0,159,0,0,0,833,1,0,0,1,0,0,0,0,0,22,0,0,0,0,0,0,0,0,0,0,0,1,0,0,0,0,0,0,0,2,0,0,0,0,0,3,0,0,0,0,2,0,0,0,0,0,0,0,0,89,0,0,0,0,2,1,0,0,1,0,30,0,35,0,0,0,0,0,0,13,13,0,51,0,0,16,0,0,0,0,0,0,0,0,0,0,0,0,0,0,0,0,0,0,0,0,0,0,0,0,0,0,0
2/25/20,1,0,1,0,0,0,0,0,15,2,0,0,23,0,0,0,1,0,0,0,0,0,0,0,0,0,1,0,11,0,0,0,77754,0,0,0,0,0,1,691,0,0,0,0,0,0,0,1,0,0,0,0,0,0,0,1,14,0,0,0,17,0,0,0,0,0,0,0,0,0,0,3,0,95,1,0,1,322,0,170,0,0,0,977,11,0,0,1,0,0,0,0,0,22,0,0,0,0,0,0,0,0,0,0,0,1,0,0,0,0,0,0,0,2,0,0,0,0,0,3,0,0,0,0,2,0,0,0,0,0,0,0,0,91,0,0,0,0,6,1,0,0,1,1,31,0,37,0,0,0,0,0,0,13,13,0,51,0,0,16,0,0,0,0,0,0,0,0,0,0,0,0,0,0,0,0,0,0,0,0,0,0,0,0,0,0,0
2/26/20,1,0,1,0,0,0,0,0,15,2,0,0,33,0,0,0,1,0,0,0,0,1,0,0,0,0,1,0,11,0,0,0,78166,0,0,0,0,0,3,705,0,0,0,0,0,0,0,1,0,0,0,0,0,0,0,2,18,0,0,1,27,0,1,0,0,0,0,0,0,0,0,3,0,139,5,0,2,453,0,189,0,0,0,1261,26,0,0,2,0,0,0,0,0,22,0,0,0,0,0,0,0,0,0,0,0,1,0,0,0,0,0,1,1,4,2,0,0,0,0,3,0,0,0,1,2,0,0,0,0,0,0,0,0,93,0,0,0,0,13,1,0,0,2,1,32,0,40,0,0,0,0,0,0,13,13,0,57,0,0,16,0,0,0,0,0,0,0,0,0,0,0,0,0,0,0,0,0,0,0,0,0,0,0,0,0,0,0
2/27/20,1,0,1,0,0,0,0,0,15,3,0,0,33,0,0,0,1,0,0,0,0,1,0,0,0,0,1,0,13,0,0,0,78600,0,0,0,0,0,3,705,0,0,0,1,0,0,0,1,0,0,0,1,0,0,0,2,38,0,0,1,46,0,3,0,0,0,0,0,0,0,0,3,0,245,7,0,3,655,0,214,0,0,0,1766,43,0,0,2,0,0,0,0,0,23,0,0,0,0,0,0,0,0,0,0,0,1,1,0,0,0,0,1,1,4,2,0,0,0,0,3,0,0,0,1,2,0,0,0,1,0,0,0,0,93,0,0,0,0,15,1,0,0,7,8,32,0,40,0,0,0,0,0,0,13,15,0,58,0,0,16,0,0,0,0,0,0,0,0,0,0,0,0,0,0,0,0,0,0,0,0,0,0,0,0,0,0,0
2/28/20,1,0,1,0,0,0,0,0,15,3,0,0,36,0,0,1,1,0,0,0,0,1,0,0,0,0,1,0,14,0,0,0,78928,0,0,0,0,0,5,705,0,0,0,1,0,0,0,1,0,0,0,1,0,0,0,2,57,0,0,1,48,0,4,0,0,0,0,0,0,0,1,3,0,388,7,0,4,888,0,228,0,0,0,2337,45,0,0,2,0,0,1,0,0,23,0,0,0,0,1,0,0,0,0,0,0,1,1,1,0,0,1,1,6,4,2,0,0,0,0,3,0,0,0,3,2,0,0,0,1,0,0,0,0,93,0,0,0,0,32,1,0,0,7,8,34,0,41,0,0,0,0,0,0,19,20,0,60,0,0,16,0,0,0,0,0,0,0,0,0,0,0,0,0,0,0,0,0,0,0,0,0,0,0,0,0,0,0
2/29/20,1,0,1,0,0,0,0,0,25,9,0,0,41,0,0,1,1,0,0,0,0,2,0,0,0,0,1,0,20,0,0,0,79356,0,0,0,0,0,6,705,0,0,0,3,0,0,0,1,0,0,0,1,0,0,0,3,100,0,0,1,79,0,4,0,0,0,0,0,0,0,1,3,0,593,13,1,7,1128,0,241,0,0,0,3150,45,0,0,4,0,0,1,1,0,25,0,0,0,0,4,0,1,0,0,0,0,1,6,1,0,0,1,1,15,6,4,0,0,0,0,3,0,0,1,3,2,0,0,0,1,0,0,0,0,102,0,0,0,0,45,1,0,0,12,18,39,0,42,0,0,0,0,0,0,21,23,0,68,0,0,16,0,0,0,0,0,0,0,0,0,0,0,0,0,0,0,0,0,0,0,0,0,0,0,0,0,0,0
3/1/20,1,0,1,0,0,0,0,1,27,14,3,0,47,0,0,1,2,0,0,0,0,2,0,0,0,0,1,0,24,0,0,0,79932,0,0,0,0,0,7,705,0,0,3,4,0,1,6,2,0,0,0,1,0,0,0,6,130,0,0,3,130,0,7,0,0,0,0,0,0,0,3,3,0,978,19,1,10,1694,0,256,0,0,0,3736,45,0,0,10,0,0,1,1,0,29,0,0,0,0,5,0,1,0,0,0,0,1,10,1,0,0,1,1,19,6,4,0,0,0,0,3,0,0,3,3,2,0,0,0,1,0,0,0,0,106,0,0,0,0,84,1,0,0,14,27,40,0,42,0,0,0,0,0,0,21,36,0,74,0,0,16,0,0,0,0,0,0,0,0,0,0,0,0,0,0,0,0,0,0,0,0,0,0,0,0,0,0,0
3/2/20,1,0,3,1,0,0,0,1,30,18,3,0,49,0,0,1,8,0,0,0,0,2,0,0,0,0,1,0,27,0,0,0,80136,0,0,0,0,0,7,705,0,0,3,4,0,1,6,2,0,0,0,1,0,0,0,6,191,0,0,3,159,0,7,0,0,0,0,0,0,0,6,5,2,1501,26,1,10,2036,0,274,0,0,0,4335,56,0,1,13,0,0,1,1,0,29,0,0,0,0,5,0,1,0,0,1,0,1,18,1,0,0,1,1,25,6,4,0,0,0,0,3,0,2,3,3,3,0,0,0,8,1,1,0,0,108,0,0,0,0,120,1,0,0,15,42,41,0,43,0,0,0,0,0,0,21,40,0,98,0,0,16,0,0,0,0,0,0,0,0,0,0,0,0,0,0,0,0,0,0,0,0,0,0,0,0,0,0,0
3/3/20,1,0,5,1,0,0,1,1,39,21,3,0,49,0,0,1,13,0,0,0,0,2,0,0,0,0,1,0,30,0,0,1,80261,0,0,0,0,0,9,706,0,0,5,6,0,1,7,2,0,0,0,2,0,0,0,6,204,0,0,3,196,0,7,0,0,0,0,0,0,0,11,5,2,2336,32,2,12,2502,0,293,1,0,0,5186,56,0,1,13,0,0,1,1,0,36,0,0,0,0,5,0,1,0,0,1,0,1,24,1,0,0,1,1,32,12,5,0,0,0,0,3,0,2,7,3,3,0,0,0,10,1,2,0,0,110,0,0,0,0,165,1,0,0,21,56,42,0,43,0,0,0,0,0,1,27,51,0,118,0,0,16,0,0,0,0,0,0,0,0,0,0,0,0,0,0,0,0,0,0,0,0,0,0,0,0,0,0,0
3/4/20,1,0,12,1,0,0,1,1,52,29,3,0,52,0,0,6,23,0,0,0,0,4,0,0,0,0,1,0,33,0,0,1,80386,0,0,0,0,0,10,706,0,0,8,11,0,1,10,2,0,0,0,2,0,0,0,6,288,0,0,3,262,0,9,0,0,0,0,0,0,2,26,28,2,2922,35,6,15,3089,0,331,1,0,0,5621,56,0,1,13,0,1,1,1,0,50,0,0,0,0,5,0,1,0,0,1,0,1,38,3,0,0,1,1,56,15,5,0,0,0,0,3,1,5,8,4,3,0,0,0,16,1,4,0,0,110,0,0,0,0,222,1,0,0,35,90,42,0,43,0,0,1,0,0,1,27,86,0,149,0,0,16,0,0,0,0,0,0,0,0,0,0,0,0,0,0,0,0,0,0,0,0,0,0,0,0,0,0,0
3/5/20,1,0,12,1,0,0,1,1,55,41,6,0,55,0,0,6,50,0,0,0,2,4,0,0,0,0,1,0,37,0,0,4,80537,0,0,0,0,0,10,706,0,0,12,11,0,1,13,3,0,0,0,3,0,0,0,12,380,0,0,4,482,0,31,0,0,0,0,0,0,2,34,30,2,3513,35,6,20,3858,0,360,1,0,0,6088,58,0,1,16,0,1,1,1,0,50,0,0,0,0,5,0,1,0,0,2,0,1,82,3,0,0,1,1,87,16,5,0,0,0,0,3,1,8,8,6,4,0,0,0,21,5,4,0,0,117,0,2,0,1,259,1,0,0,94,114,44,0,47,0,0,1,0,0,1,29,116,0,217,0,0,16,0,0,0,0,0,0,0,0,0,0,4,0,0,0,0,0,0,0,0,0,0,0,0,0,0,0,0
3/6/20,1,0,17,1,0,0,2,1,60,55,6,0,60,0,0,6,109,0,1,0,2,13,0,0,0,0,1,1,49,0,0,4,80690,1,0,0,1,0,11,706,0,0,18,24,0,2,13,15,0,0,0,10,0,0,0,15,656,0,0,4,670,0,45,0,0,0,0,1,0,2,43,31,4,4747,40,18,37,4636,0,420,1,0,0,6593,58,0,1,22,0,1,1,2,0,83,0,0,0,0,6,0,1,0,0,2,0,1,128,4,0,0,1,3,108,16,6,0,0,0,1,5,5,13,8,9,13,0,0,0,21,5,4,1,0,130,1,7,0,1,400,1,0,0,101,214,45,0,48,1,0,1,0,0,1,29,164,0,262,0,0,16,0,0,0,0,0,0,0,0,0,0,7,0,0,0,0,0,0,0,0,0,0,0,0,0,0,0,0
3/7/20,1,0,17,1,0,0,8,1,63,79,9,0,85,0,0,6,169,0,1,0,3,13,0,0,0,0,1,1,54,0,0,4,80770,1,0,0,1,0,12,706,0,0,19,24,0,2,13,15,0,0,0,10,0,0,0,15,959,0,0,4,799,0,46,0,0,0,0,1,0,4,50,34,4,5823,54,18,43,5883,0,461,1,0,0,7041,61,0,1,22,0,1,1,2,0,93,0,3,0,0,6,0,1,0,0,2,0,1,188,5,0,0,1,3,147,16,6,0,0,0,1,6,5,20,8,9,13,0,0,0,23,5,4,1,0,138,1,7,0,1,500,1,0,0,161,268,45,0,50,1,0,1,0,0,1,45,207,0,402,0,0,18,0,0,0,0,0,0,0,0,0,0,16,0,0,0,0,0,0,0,0,0,0,0,0,0,0,0,0
3/8/20,4,0,19,1,0,0,12,1,76,104,9,0,85,3,0,6,200,0,1,0,3,20,0,4,0,0,2,2,64,0,0,8,80823,1,0,0,5,0,12,706,0,0,31,37,0,5,14,49,0,0,0,10,0,0,0,23,1136,0,0,13,1040,0,73,0,0,0,0,1,0,7,50,39,6,6566,60,19,61,7375,0,502,1,0,0,7314,64,0,2,32,0,1,1,3,0,99,4,3,0,0,7,1,1,0,0,2,0,1,265,5,0,0,1,3,176,16,6,0,0,1,6,10,11,30,15,15,17,0,0,0,36,11,4,1,0,150,3,16,0,3,673,1,0,0,203,337,45,0,50,1,0,2,0,0,1,45,274,0,518,0,0,30,0,0,0,0,0,0,0,0,0,0,16,0,0,0,0,0,0,0,0,0,0,0,0,0,0,0,0
3/9/20,4,2,20,1,0,0,12,1,91,131,9,0,95,3,0,6,239,0,1,0,3,25,1,4,0,0,2,2,77,0,0,8,80860,1,0,0,9,0,12,706,0,2,31,92,0,5,15,55,0,0,0,10,0,0,0,30,1219,0,0,15,1176,0,73,0,0,0,0,1,0,9,58,43,19,7161,60,21,61,9172,0,511,1,0,0,7478,64,0,6,32,0,1,1,3,0,117,4,3,0,0,7,1,1,0,0,2,0,1,321,5,0,0,2,3,205,16,6,0,0,1,7,20,16,30,18,15,17,0,0,0,36,15,4,1,0,150,3,16,0,3,1073,1,0,0,248,374,45,0,50,1,0,2,0,0,1,45,322,0,583,0,0,30,0,0,0,0,0,0,0,0,0,0,19,0,0,0,0,0,0,0,0,0,0,0,0,0,0,0,0
3/10/20,5,10,20,1,0,0,17,1,107,182,11,0,110,3,0,9,267,0,1,0,5,31,1,4,1,0,2,2,79,0,0,13,80887,3,0,0,9,0,14,706,0,3,41,264,0,5,15,59,0,0,0,12,0,0,0,40,1794,0,0,15,1457,0,89,0,0,0,0,1,0,9,69,56,27,8042,71,34,75,10149,0,581,1,0,0,7513,69,0,8,41,0,1,1,5,0,129,6,5,0,0,7,3,1,1,0,3,0,1,382,5,0,0,2,7,400,18,16,1,0,1,11,33,22,41,24,25,20,0,0,0,51,20,4,5,0,160,7,31,0,7,1695,1,0,0,355,491,47,0,53,1,0,5,0,0,1,74,384,0,959,0,0,31,0,0,0,0,0,0,0,0,0,0,26,0,0,0,0,0,0,0,0,0,0,0,0,0,0,0,0
3/11/20,7,12,20,1,0,0,19,1,128,246,11,0,195,3,0,9,314,0,1,2,7,38,11,7,2,0,3,2,108,0,0,23,80921,9,0,1,13,1,19,706,0,6,91,444,0,5,17,60,0,0,0,16,0,0,0,59,2293,0,0,24,1908,0,99,0,0,0,0,1,2,13,85,62,34,9000,71,43,79,12462,1,639,1,0,0,7755,72,0,10,61,0,1,3,7,0,149,8,6,0,0,8,3,1,1,0,5,0,1,503,5,0,0,2,7,598,18,19,8,0,5,11,49,31,59,262,45,20,0,0,0,62,21,4,12,0,178,10,57,0,13,2277,2,0,0,500,652,48,0,59,1,0,7,1,0,1,74,459,0,1281,0,0,38,0,0,0,0,0,0,0,0,0,0,30,0,0,0,0,0,0,0,0,0,0,0,0,0,0,0,0
3/12/20,7,23,24,1,0,0,19,4,128,302,11,0,195,3,0,12,314,0,1,2,11,52,11,7,2,0,3,2,117,0,0,23,80932,9,0,1,22,1,19,706,3,6,94,617,0,5,17,67,0,0,0,16,0,0,0,59,2293,0,0,24,2078,0,99,0,0,1,0,1,2,13,103,73,34,10075,71,43,100,12462,2,639,1,0,0,7869,80,0,10,61,0,1,3,19,0,149,8,6,0,0,12,3,2,1,0,6,0,1,503,5,0,0,2,7,702,18,20,11,0,5,15,52,49,59,262,49,28,0,0,0,69,45,4,19,0,178,16,89,0,17,2277,2,0,0,599,652,49,0,70,1,0,7,1,0,1,85,459,0,1663,0,0,39,0,0,0,0,0,0,0,0,0,0,30,0,0,0,0,0,0,0,0,0,0,0,0,0,0,0,0
3/13/20,7,33,26,1,0,1,31,8,200,504,15,0,195,3,0,27,559,0,1,3,13,151,37,23,2,0,5,2,193,0,0,43,80945,13,0,2,23,1,32,706,4,14,141,804,0,5,17,80,0,0,0,79,0,1,0,155,3681,0,0,25,3675,0,190,0,1,1,0,1,2,19,134,82,69,11364,101,90,126,17660,8,701,1,4,1,7979,80,0,17,77,0,1,6,34,0,197,9,12,0,0,26,6,2,1,0,7,0,1,806,5,0,0,2,14,996,19,28,27,0,6,28,64,68,112,320,89,45,0,0,0,80,86,10,35,0,200,32,141,0,24,5232,6,1,0,814,1139,50,0,75,1,0,16,5,0,3,85,802,0,2179,0,0,47,0,0,0,0,0,0,0,0,0,0,31,0,0,0,0,0,0,0,0,0,0,0,0,0,0,0,0
3/14/20,11,38,37,1,0,1,34,18,250,655,15,0,210,3,0,27,689,0,1,10,18,151,40,41,2,0,7,2,198,0,0,61,80977,22,0,2,26,1,38,706,4,26,189,836,0,11,28,109,0,0,0,115,1,1,0,225,4496,1,0,30,4585,3,228,1,1,1,0,1,2,30,156,102,96,12729,110,129,155,21157,8,773,1,6,1,8086,104,0,26,93,0,4,8,51,0,238,10,18,1,0,41,12,2,1,0,17,2,1,962,6,0,0,2,14,1090,19,31,36,0,6,38,111,103,169,337,123,59,1,1,1,80,103,10,46,2,212,44,181,0,38,6391,10,1,1,961,1359,53,0,82,1,2,18,5,0,3,85,1144,4,2727,0,2,53,0,0,0,0,0,0,0,0,0,0,35,0,0,0,0,0,0,0,0,0,0,0,0,0,0,0,0
3/15/20,16,42,48,1,0,1,45,26,297,860,23,0,214,5,0,27,886,0,1,10,24,162,50,51,3,0,7,2,252,1,0,74,81003,34,1,2,27,1,49,706,4,26,253,875,0,11,28,110,0,1,0,171,1,1,0,244,4532,1,0,33,5795,6,331,1,1,4,0,1,3,32,171,113,117,13938,116,129,213,24747,10,839,8,9,3,8162,112,0,30,110,0,4,12,59,0,428,13,21,1,0,53,23,2,1,0,28,2,1,1138,8,0,0,2,14,1221,22,53,43,0,6,43,140,119,245,401,131,63,1,2,1,101,103,24,48,2,226,54,219,0,51,7798,18,1,1,1022,2200,59,0,114,1,2,18,6,0,3,98,1145,4,3499,1,10,56,0,0,0,0,0,0,0,0,0,0,38,0,0,0,0,0,0,0,0,0,0,0,0,0,0,0,0
3/16/20,21,51,54,2,0,1,56,52,377,1018,28,1,214,8,0,36,1058,1,1,11,25,200,54,52,15,0,7,4,415,1,0,155,81033,54,1,2,35,1,57,706,4,33,298,933,0,11,37,150,0,1,0,205,1,5,0,277,6683,1,0,33,7272,6,331,2,1,4,0,1,6,39,180,119,134,14991,124,169,218,27980,10,839,17,10,3,8236,123,0,34,110,1,4,17,77,0,566,13,30,1,0,82,23,7,1,0,29,2,1,1416,8,0,0,2,18,1333,22,136,55,0,8,86,142,177,331,439,158,90,5,2,1,109,118,24,55,3,243,63,253,1,62,9942,28,1,1,1103,2200,67,1,147,1,4,20,18,0,7,98,1551,8,4632,6,17,61,0,0,0,0,0,0,0,0,0,0,38,0,0,0,0,0,0,0,0,0,0,0,0,0,0,0,0
3/17/20,22,55,60,39,0,1,68,78,452,1332,28,1,228,10,2,36,1243,1,1,11,26,321,56,67,15,0,33,10,478,1,0,201,81058,65,1,3,41,5,65,706,5,46,396,1025,0,21,58,196,0,1,0,225,1,5,0,321,7715,1,1,34,9257,7,387,6,1,7,0,1,8,50,220,142,172,16169,154,223,250,31506,12,878,34,33,3,8320,130,0,49,120,1,7,25,140,0,673,13,38,1,0,93,30,7,5,2,38,2,1,1711,12,0,0,3,26,1463,24,236,69,0,9,117,187,238,448,439,184,114,7,2,1,109,171,26,65,4,266,72,275,1,62,11748,44,1,1,1190,2700,77,1,177,1,5,24,47,0,14,98,1960,29,6421,10,33,66,0,0,0,0,0,0,0,0,0,0,39,0,0,0,0,0,0,0,0,0,0,0,0,0,0,0,0
3/18/20,22,59,74,39,0,1,79,84,568,1646,28,1,256,14,2,51,1486,2,1,12,38,372,68,92,20,0,35,10,657,1,0,238,81102,93,1,4,50,6,81,712,7,49,464,1116,1,21,111,196,0,4,0,258,1,6,0,336,9124,1,1,38,12327,7,418,6,1,7,0,1,9,58,250,156,227,17361,164,292,304,35713,13,889,52,35,3,8413,142,3,71,133,2,28,27,203,0,790,13,38,1,3,118,30,7,6,2,49,2,1,2058,20,0,0,8,35,1550,39,299,86,0,11,145,202,251,448,452,260,147,8,2,1,119,171,31,83,4,313,105,275,1,116,13910,51,2,1,1279,3028,100,3,212,1,7,29,98,0,14,113,2642,50,7783,15,36,75,2,0,0,0,0,0,0,0,0,0,41,0,0,0,0,0,0,0,0,0,0,0,0,0,0,0,0
3/19/20,22,64,87,53,0,1,97,115,681,2013,44,3,278,17,5,51,1795,2,1,12,63,621,75,94,33,0,37,13,800,1,1,238,81156,102,3,14,69,9,105,712,11,67,694,1225,1,34,199,256,1,6,0,267,1,6,1,400,10970,1,1,40,15320,11,418,9,1,7,0,1,12,73,330,194,311,18407,192,557,427,41035,15,924,69,44,7,8565,148,3,86,157,2,28,36,335,0,900,13,53,2,3,164,49,7,6,3,63,3,1,2467,28,1,0,8,48,1746,48,454,109,0,11,234,217,355,785,460,277,199,8,2,1,119,274,31,103,6,345,123,286,1,150,17963,60,2,1,1439,4075,108,6,272,1,9,39,192,0,16,140,2716,79,13747,23,42,85,2,0,0,0,0,0,0,0,0,0,44,0,0,0,0,0,0,0,0,0,0,0,0,0,0,0,0
3/20/20,24,70,90,75,1,1,128,136,791,2388,44,3,285,20,5,69,2257,2,2,15,89,793,78,127,40,1,51,20,943,3,1,434,81250,128,3,18,89,9,128,712,16,67,833,1337,1,72,367,285,1,6,0,283,1,9,1,450,12758,3,1,43,19848,16,495,12,1,7,2,1,24,85,409,244,369,19644,208,683,529,47021,16,963,85,49,7,8652,159,6,111,163,2,28,49,484,3,1030,13,64,2,12,203,66,11,6,14,77,3,1,3003,39,1,1,12,67,1914,48,501,137,1,13,234,230,425,1020,470,308,253,17,2,1,144,344,38,135,7,385,137,341,1,202,20410,73,2,4,1639,5294,135,6,322,9,9,54,359,0,29,140,4014,94,19273,33,42,91,2,1,0,0,0,0,0,0,0,0,47,0,0,0,0,0,0,0,0,0,0,0,0,0,0,0,0
3/21/20,24,76,139,88,2,1,158,160,1071,2814,53,4,305,25,6,76,2815,2,2,19,93,1021,83,163,64,3,53,27,1277,3,1,537,81305,196,3,23,117,14,206,712,21,84,995,1420,1,112,506,294,3,6,1,306,1,9,1,523,14463,4,1,49,22213,19,530,17,2,7,2,1,24,103,473,330,450,20610,214,785,712,53578,16,1007,85,53,7,8799,176,14,124,187,3,37,83,670,3,1183,13,73,2,14,251,80,11,10,14,96,3,1,3640,52,2,1,22,85,2118,52,730,200,1,18,318,307,536,1280,481,367,306,17,2,1,144,392,47,171,7,432,178,383,1,240,25374,77,2,4,1763,6575,153,6,411,16,49,60,670,1,47,153,5067,110,25600,43,70,94,2,3,0,0,0,0,0,0,0,0,48,0,0,0,0,0,0,0,0,0,0,0,0,0,0,0,0
3/22/20,40,89,201,113,2,1,266,194,1549,3582,65,4,334,27,14,76,3401,2,2,24,126,1546,88,187,75,3,84,40,1469,3,1,632,81435,231,3,30,134,14,254,712,35,95,1120,1514,1,202,789,327,3,6,1,326,4,11,2,626,16243,5,1,54,24873,23,624,19,2,19,2,1,26,131,568,396,514,21638,233,906,883,59138,19,1101,112,60,15,8961,188,14,139,248,3,37,143,798,3,1306,13,90,2,28,316,94,23,10,21,115,3,1,4217,102,2,2,30,115,2385,55,776,313,1,22,363,380,634,1600,494,433,367,19,2,1,175,511,67,222,7,455,185,414,1,274,28768,82,2,5,1934,7474,169,12,599,16,50,75,1236,1,73,153,5745,158,33276,43,70,113,3,3,1,1,1,1,1,0,0,0,52,0,0,0,0,0,0,0,0,0,0,0,0,0,0,0,0
3/23/20,40,104,230,133,3,3,301,235,1682,4474,72,4,377,33,17,81,3743,5,2,27,136,1924,91,201,99,3,87,56,2088,3,1,746,81498,277,4,36,158,25,315,712,40,116,1236,1572,3,245,981,366,3,9,1,352,4,11,3,700,20123,5,2,61,29056,27,695,20,4,20,6,1,30,167,588,499,579,23049,266,1125,1071,63927,19,1128,127,62,16,8961,189,16,180,267,3,51,179,875,12,1518,13,107,2,36,367,109,23,10,27,143,4,2,4764,102,2,3,40,136,2621,66,875,345,1,22,395,462,749,2060,501,576,438,36,3,1,187,562,79,249,7,509,186,442,1,402,35136,97,2,5,2046,8795,195,12,721,18,51,89,1529,9,73,198,6726,162,43843,46,77,123,3,3,2,1,1,1,1,1,0,0,59,0,0,0,0,0,0,0,0,0,0,0,0,0,0,0,0
3/24/20,74,123,264,164,3,3,387,249,2044,5283,87,5,392,39,18,81,4269,6,2,29,166,2247,104,218,114,3,91,66,2790,3,3,922,81591,378,4,45,177,73,382,712,48,124,1394,1718,3,312,1082,402,5,9,1,369,4,12,4,792,22622,6,3,70,32986,53,743,21,4,5,7,4,30,187,648,536,686,24811,316,1329,1238,69176,21,1193,154,72,25,9037,191,42,197,318,3,51,209,1099,17,1624,13,110,2,42,405,125,23,10,47,170,7,2,5580,155,2,3,44,148,2863,84,972,345,1,27,416,552,901,2362,526,794,495,40,3,1,187,767,86,303,7,558,204,480,1,554,39885,102,3,7,2286,9877,215,12,827,20,57,114,1872,9,97,248,8164,162,53736,50,84,134,3,3,2,1,3,1,1,1,2,1,59,0,0,0,0,0,0,0,0,0,0,0,0,0,0,0,0
3/25/20,84,146,302,188,3,3,387,265,2364,5588,93,5,419,39,18,86,4937,6,2,32,176,2554,109,242,146,4,96,75,3251,3,3,1142,81661,470,4,48,201,80,442,712,57,132,1654,1862,11,392,1173,456,9,9,4,404,4,12,5,880,25600,6,3,75,37323,93,821,24,4,5,8,4,36,226,737,657,790,27017,346,1564,2369,74386,26,1307,172,81,28,9137,195,44,221,333,3,51,274,1333,19,1796,13,129,2,48,475,149,31,10,52,225,7,3,6438,205,2,7,51,177,3084,99,1063,443,1,37,480,636,1051,2995,537,906,658,41,3,1,208,900,99,384,7,631,216,528,1,709,49515,102,3,8,2526,10897,235,12,934,23,60,173,2433,14,145,333,9640,189,65778,60,91,141,12,3,7,1,5,5,1,2,3,1,59,2,2,2,0,0,0,0,0,0,0,0,0,0,0,0,0
3/26/20,94,174,367,224,4,7,502,290,2810,6909,122,9,458,44,18,86,6235,6,2,43,191,2985,114,264,152,4,96,75,4042,3,3,1306,81782,491,4,51,231,96,495,712,67,146,1925,2023,11,488,1403,495,13,12,6,538,6,12,5,958,29551,7,3,79,43938,132,892,25,4,5,8,4,52,261,802,727,893,29406,382,1819,2693,80589,26,1387,212,111,31,9241,208,44,244,368,3,56,299,1453,23,2031,13,134,3,81,585,177,33,11,69,275,8,3,7468,283,2,10,65,201,3369,109,1201,558,1,41,580,707,1221,3544,549,1029,840,50,3,1,208,1012,105,384,7,683,226,562,2,927,57786,106,3,8,2840,11811,252,13,1045,23,65,197,3629,14,196,333,11812,217,83836,75,107,153,16,3,11,7,7,5,1,2,6,1,84,2,4,2,71,0,0,0,0,0,0,0,0,0,0,0,0
3/27/20,110,186,409,267,4,7,589,329,3143,7657,165,10,466,48,24,94,7284,6,3,61,237,3417,115,293,180,5,99,91,4682,3,3,1610,81897,539,4,51,263,101,586,712,80,162,2279,2200,12,581,1595,536,13,12,6,575,9,16,5,1041,33402,7,3,83,50871,137,966,28,8,5,8,4,68,300,890,887,1046,32332,458,2121,3035,86498,26,1468,235,150,31,9332,225,58,280,391,3,56,358,1605,26,2161,16,139,3,94,717,199,42,11,82,345,8,4,8647,368,2,10,70,219,3755,131,1373,674,1,52,635,803,1389,4268,562,1292,1036,54,3,1,223,1104,119,457,7,732,269,632,3,1170,65719,106,3,8,3069,12928,267,13,1136,25,66,227,5698,23,310,405,14745,238,101657,88,107,163,22,5,11,7,7,5,1,2,6,1,91,2,11,2,86,8,0,0,0,0,0,0,0,0,0,0,0
3/28/20,110,197,454,308,5,7,690,407,3640,8271,182,10,476,48,26,94,9134,6,3,74,258,3904,120,331,207,5,99,91,5576,3,3,1909,81999,608,4,65,295,101,657,712,119,179,2631,2366,14,719,1823,576,19,12,6,645,9,16,5,1167,38105,7,3,90,57695,141,1061,34,8,8,8,6,95,343,963,987,1155,35408,506,2415,3619,92472,30,1693,246,228,38,9478,235,58,305,412,3,56,394,1831,26,2320,16,149,5,102,848,231,42,12,84,402,8,5,9819,451,4,10,89,241,4015,152,1495,786,1,56,671,1075,1638,5170,590,1452,1264,60,3,1,224,1203,130,659,8,802,292,684,3,1187,73235,113,5,8,3447,14076,283,14,1245,25,74,278,7402,30,356,468,17312,274,121465,104,119,174,28,7,11,7,8,5,1,2,8,3,98,2,18,2,91,8,2,0,0,0,0,0,0,0,0,0,0
3/29/20,120,212,511,334,7,7,745,424,3984,8788,209,11,499,48,33,94,10836,6,4,81,323,4256,126,346,222,6,103,139,6280,3,3,2139,82122,702,19,65,314,165,713,712,139,214,2817,2564,18,859,1924,609,24,12,12,679,9,21,5,1240,40708,7,4,91,62095,152,1156,34,16,8,15,6,110,408,1020,1024,1285,38309,547,2615,4247,97689,32,1866,259,284,42,9583,255,84,347,438,3,56,460,1950,39,2470,17,151,5,107,993,263,46,12,85,479,11,5,10930,514,4,18,111,259,4284,167,1597,901,1,59,852,1418,1862,5962,634,1815,1534,70,9,1,224,1299,142,741,8,844,314,730,3,1280,80110,117,6,8,3700,14829,298,14,1388,25,78,312,9217,33,475,570,19780,304,140909,144,119,188,29,7,11,9,8,9,1,2,8,8,109,2,18,2,94,10,2,0,0,0,0,0,0,0,0,0,0
3/30/20,170,223,584,370,7,7,820,482,4361,9618,273,14,515,49,33,152,11899,6,4,97,368,4579,127,359,246,6,107,139,7398,3,5,2449,82198,798,19,81,330,168,790,712,170,230,3001,2755,18,901,1962,656,30,12,12,715,9,23,5,1352,45170,7,4,103,66885,152,1212,36,22,8,15,6,139,447,1086,1251,1414,41495,630,2910,4695,101739,36,1866,268,302,50,9661,266,94,376,446,3,62,491,1988,43,2626,17,156,5,128,1094,298,49,12,91,556,11,5,11817,589,4,27,131,285,4445,179,1717,989,1,64,950,1546,2055,6408,693,2109,1836,70,9,1,230,1453,162,785,8,879,336,756,3,1326,87956,122,6,8,4028,15922,306,19,1524,30,82,312,10827,33,548,611,22453,310,161831,149,135,203,35,7,11,9,8,10,1,3,8,8,116,8,25,7,94,14,2,3,0,0,0,0,0,0,0,0,0
3/31/20,174,243,716,376,7,7,1054,532,4559,10180,298,14,567,51,34,152,12775,9,4,107,420,5717,129,399,261,6,109,193,8527,3,7,2738,82279,906,19,98,347,179,867,712,186,262,3308,3039,30,1109,2240,710,32,12,15,745,9,26,5,1418,52827,16,4,110,71808,161,1314,38,22,12,15,6,141,492,1135,1397,1528,44605,694,3235,5358,105792,36,1953,274,343,59,9786,289,107,398,470,3,68,537,2178,57,2766,18,169,6,143,1215,353,52,12,109,617,11,5,12667,647,5,27,135,329,4641,192,1938,1181,1,65,1065,2084,2311,7443,781,2245,2337,75,13,1,236,1563,175,900,10,926,363,802,5,1353,95923,143,7,9,4435,16605,322,19,1651,34,87,394,13531,44,645,664,25481,338,188172,172,135,212,35,8,12,9,8,10,1,3,9,10,119,8,28,8,112,15,2,4,2,1,0,0,0,0,0,0,0
4/1/20,237,259,847,390,8,7,1054,571,4862,10711,359,21,569,54,34,163,13964,13,4,115,459,6836,131,422,282,6,109,233,9560,3,7,3031,82361,1065,19,109,375,190,963,712,212,320,3508,3290,33,1284,2748,779,32,15,15,779,9,29,5,1446,57749,18,4,117,77872,195,1415,39,30,19,16,6,172,525,1220,1998,1677,47593,728,3447,6092,110574,44,2178,278,380,81,9887,317,111,446,479,6,68,581,2319,57,2908,19,188,6,161,1378,423,55,14,123,654,14,5,13696,708,5,74,174,354,4863,210,2118,1181,1,69,1323,2311,2554,8251,835,2460,2777,82,13,1,236,1720,190,1060,10,1000,400,841,5,1380,104118,146,7,10,4947,17768,329,20,1771,36,90,423,15679,44,794,814,29865,338,213242,181,143,218,36,8,12,9,10,10,1,3,10,10,134,9,31,8,125,15,9,4,2,2,0,0,0,0,0,0,0
4/2/20,273,277,986,428,8,9,1133,663,5116,11129,400,24,643,56,46,304,15348,13,5,123,533,8044,133,457,288,6,110,306,11284,3,8,3404,82432,1161,22,134,396,194,1011,712,233,356,3858,3573,40,1380,3163,865,41,15,22,858,9,29,7,1518,59929,21,4,134,84794,204,1544,47,52,19,16,7,219,585,1319,2543,1790,50468,772,3849,6857,115242,47,2495,299,435,110,9976,342,116,458,494,6,75,649,2487,59,3116,19,196,6,169,1510,505,60,14,144,708,14,6,14788,797,5,98,184,384,5147,231,2421,1317,1,77,1414,2633,2946,9034,949,2738,3548,84,13,2,245,1885,195,1171,10,1049,426,897,5,1462,112065,151,8,10,5568,18827,339,20,1875,39,94,455,18135,45,897,1024,34173,350,243622,205,146,233,39,9,12,10,10,16,1,3,10,11,161,9,36,9,125,20,9,4,3,2,3,0,0,0,0,0,0
4/3/20,281,304,1171,439,8,15,1265,736,5330,11524,443,24,672,61,51,351,16770,16,5,132,579,9056,134,485,302,6,114,509,12437,8,8,3737,82511,1267,22,134,416,218,1079,712,269,396,4091,3946,49,1488,3368,985,46,16,22,961,9,35,7,1615,65202,21,4,155,91159,205,1613,50,73,23,18,7,222,623,1364,2567,1986,53183,820,4273,7428,119827,47,2617,310,464,122,10062,417,130,493,508,7,75,696,2612,70,3333,19,202,6,186,1688,591,64,14,174,791,14,6,15821,868,5,120,210,430,5370,252,2686,1475,1,92,1595,3018,3383,9886,1075,3183,4149,89,13,3,245,2039,207,1476,10,1114,450,934,7,1505,119199,159,10,10,6131,19606,348,20,1978,40,98,495,20921,48,1072,1264,38689,369,275367,227,153,237,39,9,12,12,10,16,1,4,10,11,194,15,39,9,126,20,9,4,3,2,3,0,0,0,0,0,0
4/4/20,299,333,1251,466,10,15,1451,770,5550,11781,521,28,688,70,52,440,18431,16,5,139,624,10360,135,503,318,7,114,555,12978,8,9,4161,82543,1406,22,154,435,245,1126,712,288,426,4472,4269,50,1488,3465,1070,56,16,29,1039,9,38,12,1882,69500,21,4,162,96092,205,1673,61,111,23,20,7,264,678,1417,3082,2092,55743,878,4604,7851,124632,53,3139,323,531,126,10156,479,144,509,520,10,77,771,2729,70,3483,19,213,6,196,1890,752,66,14,201,919,14,9,16727,950,5,144,214,483,5550,277,2818,1673,1,96,1746,3094,3627,10524,1325,3613,4731,102,14,7,259,2179,219,1624,10,1189,471,977,7,1585,126168,166,10,10,6443,20505,355,20,2067,41,103,553,23934,48,1225,1505,42477,400,308650,266,155,240,39,9,14,12,10,16,1,4,10,18,217,18,41,9,135,21,9,4,3,4,4,0,0,0,0,0,0
4/5/20,349,361,1320,501,14,15,1451,822,5687,12051,584,28,700,88,56,562,19691,22,5,157,654,11130,135,531,345,7,114,650,15756,8,9,4471,82602,1485,45,154,454,261,1182,712,320,446,4587,4561,59,1745,3646,1173,62,16,29,1097,9,43,12,1927,71412,21,4,174,100123,214,1735,61,121,24,21,7,268,733,1486,3588,2273,58226,961,4994,8430,128948,58,3139,345,584,142,10237,556,147,533,527,13,77,811,2804,72,3662,19,227,6,227,2143,864,73,14,214,1021,16,9,17953,1039,6,184,232,555,5687,298,3157,1801,1,104,2281,3246,4102,11278,1604,3864,5389,104,14,7,266,2402,222,1908,10,1309,485,997,7,1655,131646,176,12,10,6830,21100,363,22,2169,44,104,574,27069,52,1308,1799,48436,400,336802,342,159,241,39,9,14,12,10,19,1,5,11,18,237,18,45,10,145,21,9,6,3,6,4,1,4,0,0,0,0
4/6/20,367,377,1423,525,16,15,1554,833,5797,12297,641,29,756,123,60,700,20814,26,5,183,674,12161,135,549,364,7,114,658,16563,8,9,4815,82665,1579,45,161,467,323,1222,712,350,465,4822,4875,90,1828,3747,1322,69,16,31,1108,10,44,14,2176,75343,24,4,188,103374,214,1755,70,128,31,24,7,298,744,1562,4778,2491,60500,1031,5364,8904,132547,58,3654,349,662,158,10284,665,216,542,541,14,77,843,2843,82,3793,19,241,6,244,2439,965,77,15,233,1120,16,9,18926,1106,6,253,238,570,5865,331,3766,1988,2,113,2561,3660,4413,11730,1832,4057,6343,105,14,7,266,2605,226,2200,11,1375,534,1021,7,1686,136675,178,12,10,7206,21657,373,24,2220,58,105,596,30217,52,1319,2076,52279,406,366317,457,165,245,39,10,15,12,10,19,1,7,12,19,254,18,47,10,145,22,9,6,3,6,5,1,4,4,0,0,0
4/7/20,423,383,1468,545,17,19,1628,853,5895,12639,717,33,811,164,63,861,22194,26,5,194,764,14034,135,577,384,7,115,658,17872,8,10,5116,82718,1780,45,180,483,349,1282,712,396,494,5017,5266,90,1956,3747,1450,78,16,31,1149,10,52,15,2308,79163,30,4,196,107663,287,1832,77,144,33,25,7,305,817,1586,5311,2738,62589,1122,5709,9248,135586,63,3906,353,697,172,10331,743,228,548,548,14,78,880,2970,88,3963,19,293,6,268,2785,1056,79,15,241,1184,16,9,19709,1160,6,278,254,599,6086,371,4035,2100,2,115,2954,3764,4848,12442,2057,4417,7497,105,14,8,279,2795,237,2447,11,1481,581,1059,8,1749,141942,185,14,10,7693,22253,376,24,2258,65,107,623,34109,52,1462,2359,55949,424,397121,520,165,249,39,11,15,12,10,19,1,7,14,20,261,33,56,11,170,22,9,6,3,6,8,2,4,4,0,0,0
4/8/20,444,400,1572,564,19,19,1715,881,6010,12942,822,40,823,218,63,1066,23403,26,5,210,804,16170,135,593,414,7,117,730,19141,8,10,5546,82809,2054,45,180,502,384,1343,712,457,526,5312,5597,135,2111,4450,1560,93,18,33,1185,12,55,15,2487,83057,34,4,211,113296,313,1884,87,164,37,27,8,312,895,1616,5916,2956,64586,1202,6074,9404,139422,63,4257,358,727,179,10384,855,270,577,576,31,78,912,3034,93,4119,19,299,6,273,3181,1174,81,16,248,1275,16,9,20682,1210,6,342,276,617,6086,419,4263,2249,2,119,4342,3870,5205,13141,2210,4761,8672,110,14,8,279,2932,244,2666,11,1623,682,1091,12,1845,148220,189,14,10,8419,23280,379,25,2369,70,107,628,38226,53,1668,2659,61474,424,428654,545,167,251,39,11,15,12,17,19,1,8,15,21,263,33,59,11,184,22,9,6,3,7,8,2,4,4,0,0,0
4/9/20,484,409,1666,583,19,19,1795,921,6108,13244,926,41,887,330,66,1486,24983,26,5,264,858,18092,135,618,443,7,119,730,20654,8,11,5972,82883,2223,60,180,539,444,1407,712,515,564,5569,5830,135,2349,4965,1699,103,18,33,1207,12,56,15,2605,87366,44,4,218,118181,378,1955,95,194,37,30,8,343,980,1648,6725,3293,66220,1232,6574,9968,143626,63,4667,372,781,184,10423,910,280,589,582,31,78,955,3115,93,4228,19,337,7,314,3441,1289,84,16,252,1374,16,9,21903,1239,7,410,288,663,6211,457,4489,2528,2,124,5256,4076,5575,13956,2376,5202,10131,110,14,12,333,3287,250,2867,11,1910,701,1124,12,1934,153222,190,15,10,9141,24051,380,25,2423,73,109,643,42282,53,1892,2990,65872,456,462780,582,171,255,39,11,15,12,17,19,1,9,16,24,263,36,74,11,184,23,9,13,3,7,8,3,4,4,0,0,0
4/10/20,521,416,1761,601,19,19,1975,937,6215,13555,991,42,925,424,67,1981,26667,35,5,268,901,19638,136,635,443,7,119,820,22059,8,11,6501,82941,2473,60,215,558,444,1495,712,564,595,5732,6014,150,2620,7161,1794,117,18,34,1258,12,65,16,2769,91738,44,4,234,122171,378,2011,126,212,37,31,8,382,1190,1675,7598,3512,68192,1279,8089,10408,147577,63,5530,372,812,189,10450,993,298,612,609,37,79,999,3223,93,4346,19,350,7,318,3844,1438,90,16,255,1448,16,9,23249,1283,7,438,305,711,6314,484,4695,2752,2,129,5897,4195,5955,15472,2512,5467,11917,118,15,12,344,3651,265,3105,11,2108,715,1160,21,2003,158273,190,17,10,9685,24551,382,32,2473,76,109,671,47029,53,2203,3360,74605,473,496535,624,171,257,40,13,16,14,20,19,2,10,16,24,267,36,87,12,250,27,9,13,3,8,9,4,4,4,1,0,0
4/11/20,555,433,1825,601,19,21,1975,967,6303,13806,1058,46,1040,482,68,2226,28018,35,5,275,946,20727,136,661,484,8,120,820,23316,8,11,6927,83014,2709,60,223,577,533,1534,712,620,616,5831,6191,187,2759,7257,1939,118,18,34,1304,12,69,16,2905,94863,46,9,242,124908,408,2081,137,250,45,33,8,392,1310,1689,8446,3842,70029,1318,8928,10743,152271,65,6005,381,865,191,10480,1154,339,630,619,48,79,1026,3270,102,4530,19,370,7,319,4219,1560,92,16,263,1545,16,9,24571,1312,8,491,318,760,6409,546,5011,2974,2,133,6848,4428,6356,15987,2728,5990,13584,120,15,12,356,4033,278,3380,11,2299,728,1188,21,2028,163027,198,19,10,10151,25107,385,32,2518,76,112,685,52167,53,2511,3736,79874,494,526396,767,175,258,40,14,16,14,20,25,2,13,18,24,268,38,87,12,283,38,9,13,5,8,12,4,4,4,1,0,0
4/12/20,607,446,1914,638,19,21,2142,1013,6315,13945,1098,46,1136,621,71,2578,29647,35,5,300,1009,22192,136,675,497,8,122,820,24299,8,18,7213,83134,2776,60,234,595,574,1600,712,669,633,5991,6369,214,2967,7466,2065,125,21,34,1309,14,71,16,2974,121712,49,9,257,127854,566,2114,155,250,45,33,8,393,1410,1701,9205,4241,71686,1352,9655,11145,156363,69,6748,389,951,197,10512,1234,377,651,630,50,79,1053,3281,106,4683,20,378,7,324,4661,1662,93,16,272,1661,16,12,25746,1330,9,529,323,828,6525,599,5230,3234,2,134,7519,4648,6674,16585,2979,6300,15770,126,15,12,356,4462,280,3630,11,2532,742,1205,25,2173,166831,210,19,10,10483,25415,388,32,2551,76,113,707,56956,54,2777,4123,85206,480,555313,865,181,262,43,14,16,14,21,25,2,14,19,25,290,38,105,12,283,41,9,13,5,10,13,4,6,4,1,0,0
4/13/20,665,467,1983,646,19,23,2208,1039,6351,14041,1148,47,1361,803,72,2919,30589,35,5,330,1037,23430,136,685,497,10,122,820,25680,11,23,7525,83213,2852,60,235,612,626,1650,712,726,662,6059,6513,298,3167,7529,2190,137,21,34,1332,15,74,16,3064,125394,57,9,272,130072,566,2145,156,319,45,40,8,397,1458,1711,10453,4557,73303,1378,10647,11586,159516,73,7370,391,1091,208,10537,1300,419,655,632,59,79,1062,3292,106,4817,20,384,7,324,5014,1712,93,17,274,1763,16,14,26710,1349,9,529,343,854,6603,727,5496,3400,2,147,9784,4932,6934,16934,3231,6633,18328,127,15,12,356,4934,291,4054,11,2918,769,1212,60,2272,170099,217,29,10,10948,25688,393,49,2579,77,113,726,61049,54,3102,4521,89570,480,580619,998,189,265,45,17,16,14,21,25,4,18,19,26,308,38,123,12,283,62,9,13,5,10,16,4,6,4,1,0,0
4/14/20,714,475,2070,659,19,23,2277,1067,6415,14226,1197,49,1528,1012,72,3281,31119,35,5,354,1083,25262,136,713,528,11,122,848,27035,11,23,7917,83306,2979,60,241,618,638,1704,712,766,695,6111,6706,363,3286,7603,2350,149,41,34,1373,15,82,16,3161,130365,57,9,300,131359,636,2170,167,363,47,40,8,407,1512,1720,11487,4839,74877,1400,11479,12046,162488,73,7645,397,1232,216,10564,1355,430,657,641,59,79,1070,3307,108,4987,20,393,7,324,5399,1934,93,30,283,1888,16,16,27580,1366,9,570,373,908,6623,813,5837,3472,2,159,10303,5223,7202,17448,3428,6879,21102,134,15,12,371,5369,299,4465,11,3252,835,1220,60,2415,172541,233,32,10,11445,25936,393,53,2613,77,113,747,65111,55,3372,4933,94845,483,607670,1165,189,266,45,17,16,14,28,29,6,18,19,35,308,38,144,14,387,63,9,13,5,11,16,4,6,4,1,0,0
4/15/20,784,494,2160,673,19,23,2443,1111,6440,14336,1253,49,1671,1231,73,3728,33573,35,5,397,1110,28320,136,747,542,56,122,848,28209,12,23,8273,83356,3105,117,254,626,638,1741,712,814,715,6216,6876,435,3614,7858,2505,159,51,35,1400,15,85,16,3237,133585,80,9,306,134753,636,2192,180,404,55,41,8,419,1579,1727,12322,5136,76389,1415,12547,12501,165155,125,8100,401,1295,225,10591,1405,449,666,658,59,79,1091,3373,110,5072,22,399,7,324,5847,2049,93,30,288,2024,16,16,28316,1386,9,584,407,974,6740,910,6383,3574,2,161,11475,5453,7582,18091,3711,7216,24490,136,15,12,372,5862,314,4873,11,3699,863,1248,80,2506,177644,238,32,10,11927,26336,395,88,2643,81,114,780,69392,55,3764,5365,99483,492,636350,1302,197,267,48,23,16,14,29,33,8,18,19,48,374,43,148,14,387,74,9,13,5,13,16,4,6,4,1,0,0
4/16/20,840,518,2268,673,19,23,2571,1159,6462,14476,1283,53,1700,1572,75,4204,34809,35,5,441,1167,30425,136,800,546,56,122,996,30809,12,27,8807,83403,3233,117,267,642,654,1791,712,862,735,6433,7074,591,3755,8225,2673,164,51,35,1434,16,92,17,3369,146075,80,9,348,137698,641,2207,196,438,55,41,8,426,1652,1739,13430,5516,77995,1434,13271,12758,168941,143,8626,402,1402,234,10613,1524,466,675,663,59,79,1128,3444,111,5182,25,412,7,324,6297,2154,93,31,303,2283,16,16,29383,1401,9,584,442,1081,6896,1019,6919,3751,7,174,12491,5660,7918,18841,4103,7707,27938,138,15,12,426,6380,335,5318,11,4427,977,1268,80,2605,184948,238,32,10,12540,26732,395,94,2672,81,114,822,74193,55,4161,5825,104145,502,667592,1349,204,268,48,23,16,14,31,33,18,18,19,49,374,43,171,14,449,85,9,15,5,15,16,4,6,4,1,0,0
4/17/20,906,539,2418,696,19,23,2669,1201,6522,14595,1340,54,1740,1838,75,4779,36138,35,5,465,1214,33682,136,846,557,56,122,996,32814,12,27,9252,83760,3439,143,287,649,688,1814,712,923,750,6549,7268,732,4126,8450,2844,177,79,35,1459,16,96,17,3489,148084,108,9,370,141397,641,2224,214,477,63,43,8,442,1763,1754,14352,5923,79494,1482,13980,12982,172434,143,9787,407,1546,246,10635,1658,489,682,668,76,79,1149,3480,117,5251,28,422,7,324,6875,2264,94,31,303,2564,16,30,30619,1409,9,627,493,1117,6937,1069,7025,4016,7,199,13489,5878,8379,19022,4663,8067,32008,143,15,12,435,7142,342,5690,11,5050,1049,1304,116,2783,190839,244,33,10,13216,27078,395,147,2700,83,114,864,78546,56,4662,6302,109769,502,699706,1405,204,268,52,24,16,14,34,38,18,18,19,49,402,43,171,14,480,88,9,15,5,26,17,4,6,4,1,0,0
4/18/20,933,548,2534,704,24,23,2758,1248,6568,14671,1373,55,1773,2144,75,4779,37183,35,5,493,1268,36658,137,878,565,58,122,1017,34356,12,33,9730,83787,3439,143,307,655,801,1832,712,986,761,6606,7437,732,4335,9022,3032,190,79,39,1512,22,105,17,3681,148086,108,9,388,143342,834,2235,235,518,63,44,8,457,1834,1760,15722,6248,80868,1513,14758,13265,175925,163,10296,413,1615,262,10653,1751,506,712,672,76,79,1239,3537,120,5305,35,426,7,325,7497,2378,94,31,307,2685,16,31,31766,1422,9,639,542,1170,7036,1180,7638,4210,7,202,14420,6087,8742,19685,5008,8418,36793,144,15,12,455,8274,350,5994,11,5992,1089,1317,135,3034,191726,254,66,10,13822,27404,398,147,2733,84,114,864,82329,55,5106,6302,115314,508,732197,1490,227,268,57,25,16,14,35,38,18,18,19,49,418,46,216,14,510,98,9,15,5,30,17,4,6,4,1,0,0
4/19/20,996,562,2629,713,24,23,2839,1291,6610,14749,1398,55,1881,2456,75,4779,38496,35,5,520,1285,38654,138,894,576,61,122,1017,35633,12,33,10088,83805,3792,143,327,660,847,1871,712,1035,767,6746,7580,846,4680,9468,3144,201,79,39,1528,22,108,17,3783,153011,109,10,394,145184,1042,2235,257,579,65,47,8,472,1916,1771,17615,6575,82211,1539,15251,13491,178972,173,10797,417,1676,270,10661,1915,554,727,673,91,81,1298,3550,121,5389,52,427,7,328,8261,2472,94,32,308,2855,16,31,32838,1431,10,648,627,1207,7078,1266,8348,4273,7,206,15628,6259,9287,20206,5448,8746,42853,147,15,12,461,9362,367,6318,11,6588,1161,1330,164,3158,198674,271,66,10,14385,27740,420,170,2765,84,114,879,86306,55,5449,6781,121172,517,758809,1565,256,268,61,25,16,14,39,39,19,18,19,51,437,50,224,14,561,111,9,20,5,35,17,4,6,4,1,0,0
4/20/20,1026,584,2718,717,24,23,2941,1339,6623,14795,1436,60,1907,2948,75,6264,39983,54,5,564,1309,40743,138,929,581,67,122,1163,37658,12,33,10507,83817,3977,160,332,662,847,1881,712,1087,772,6900,7711,846,4964,10128,3333,218,79,39,1535,24,111,18,3868,155393,120,10,402,147065,1042,2245,289,622,65,57,9,477,1984,1773,18539,6760,83505,1574,15652,13713,181228,223,10797,425,1852,281,10674,1995,568,739,677,99,81,1326,3558,121,5425,69,431,7,328,8772,2548,94,33,312,3046,16,31,33588,1440,10,648,665,1225,7156,1410,8418,4467,7,208,16325,6459,9593,20863,6015,8936,47121,147,15,12,462,10484,377,6630,11,8014,1173,1335,237,3300,200210,304,107,10,14777,27944,422,254,2792,84,114,884,90980,56,5710,7265,125856,535,784326,1627,256,268,65,25,16,14,39,39,22,18,19,51,449,50,246,15,598,119,9,20,5,43,17,4,6,4,1,0,0
4/21/20,1092,609,2811,717,24,23,3031,1401,6645,14873,1480,65,1973,3382,75,6723,40956,54,6,598,1342,43079,138,975,600,68,122,1163,39402,14,33,10832,83853,4149,165,350,669,916,1908,712,1137,784,7033,7891,945,5044,10398,3490,225,83,39,1552,31,114,18,4014,158168,156,10,408,148291,1042,2401,294,688,66,57,9,494,2098,1778,20080,7135,84802,1602,16040,13942,183957,223,11135,428,1995,296,10683,2080,590,748,677,101,81,1350,3618,121,5482,83,443,7,328,9501,2614,94,34,313,3209,16,43,34317,1445,10,657,665,1231,7191,1508,9565,4658,7,208,17837,6599,9856,21379,6533,9242,52763,150,15,12,476,11631,412,6890,11,9125,1199,1344,286,3465,204178,310,107,10,15322,28063,425,254,2811,86,115,884,95591,61,6125,7755,130172,535,811865,1678,285,268,70,28,16,14,39,42,23,18,19,51,466,50,258,15,604,121,9,20,5,50,18,4,6,4,1,0,0
4/22/20,1176,634,2910,723,25,24,3144,1473,6652,14925,1518,65,2027,3772,75,7281,41889,54,6,609,1368,45757,138,1024,609,73,122,1163,41663,14,33,11296,83868,4356,186,359,681,952,1950,712,1189,790,7132,8108,974,5300,10850,3659,237,84,39,1559,31,116,18,4129,155980,166,10,416,150648,1154,2408,316,761,67,62,9,510,2168,1785,21370,7418,85996,1631,16671,14498,187327,233,11512,435,2135,303,10694,2248,612,761,682,101,81,1370,3654,121,5532,86,444,7,329,10544,2778,94,35,315,3446,16,45,35032,1451,10,662,873,1259,7338,1614,10076,4821,8,213,19250,6710,10169,21982,7141,9710,57999,153,15,13,488,12772,442,7144,11,10141,1244,1353,286,3635,208389,330,140,10,16004,28268,426,284,2826,88,115,909,98674,63,6592,8238,134638,543,840351,1716,288,268,74,28,16,15,41,42,23,18,19,59,474,50,293,15,630,123,9,22,11,61,23,4,6,4,1,0,0
4/23/20,1279,663,3007,723,25,24,3435,1523,6662,15002,1548,72,2217,4186,76,8022,42797,54,7,703,1413,50036,138,1097,616,82,122,1334,43299,16,33,11812,83884,4561,186,377,686,1004,1981,712,1235,795,7187,8271,986,5543,11183,3891,250,84,39,1592,31,116,18,4284,158303,167,10,425,153129,1154,2463,384,862,70,72,9,519,2284,1789,23077,7775,87026,1677,17607,14803,189973,257,12368,437,2289,320,10708,2399,631,778,688,101,81,1398,3665,121,5603,108,445,7,331,11633,2926,94,36,316,3568,16,48,35921,1456,11,671,981,1300,7401,1716,11155,5166,8,213,20914,6981,10511,22353,7764,10096,62773,154,15,13,501,13930,479,7276,11,11178,1325,1366,328,3953,213024,368,174,10,16755,28496,427,284,2839,88,115,918,101790,74,7170,8756,139246,557,869170,1758,311,268,76,28,16,15,46,42,23,18,19,60,480,50,309,15,669,139,9,22,11,64,33,5,6,4,1,0,0
4/24/20,1351,678,3127,731,25,24,3607,1596,6677,15071,1592,73,2518,4689,77,8773,44293,54,7,807,1421,54043,138,1234,629,88,122,1430,44919,16,40,12306,83899,4881,200,394,687,1077,2009,712,1285,804,7273,8408,999,5749,22719,4092,274,214,39,1605,36,117,18,4395,159952,172,10,444,154999,1279,2490,430,954,73,72,9,591,2443,1789,24530,8211,88194,1708,18184,15058,192994,288,12829,441,2482,336,10718,2614,665,784,696,117,81,1410,3695,122,5691,129,447,7,331,12872,3110,94,37,319,3758,16,49,36729,1461,11,681,1095,1326,7463,1790,11940,5338,8,223,21648,7192,10892,22797,8525,10417,68622,176,15,14,513,15102,545,7483,11,12075,1360,1373,328,4220,202990,420,174,10,17567,28677,428,299,2907,90,115,922,104912,75,7647,9281,144640,563,905358,1804,318,270,84,29,16,15,65,42,24,18,19,61,484,52,325,15,703,144,9,22,11,82,33,5,6,4,1,0,0
4/25/20,1463,712,3256,738,25,24,3780,1677,6694,15148,1617,78,2588,4998,79,9590,45325,54,7,866,1486,59324,138,1247,629,90,122,1518,46371,16,46,12858,83909,5142,200,416,693,1077,2016,712,1337,810,7352,8643,1008,5926,22719,4319,274,258,39,1635,56,122,18,4475,161644,176,10,456,156513,1279,2506,473,996,73,72,9,627,2443,1790,26283,8607,89328,1763,18561,15298,195351,305,13231,444,2601,343,10728,2892,665,804,704,120,81,1426,3711,123,5742,177,448,7,331,13842,3304,94,37,320,3897,16,49,37384,1470,12,684,1182,1367,7499,1905,12723,5538,8,228,25331,7294,11273,23392,9358,10635,74588,183,15,14,513,16299,614,7779,11,12693,1373,1388,390,4361,205905,460,213,10,18177,28894,429,299,2907,96,115,939,107773,75,8125,9813,149569,596,938154,1862,323,270,84,31,16,18,70,42,24,18,19,61,342,52,370,15,731,146,9,22,11,82,33,5,6,4,1,0,0
4/26/20,1531,726,3382,738,26,24,3892,1746,6714,15225,1645,80,2647,5416,79,10463,46134,64,7,950,1516,63100,138,1300,632,106,122,1621,48033,19,46,13331,83912,5379,200,442,695,1150,2030,712,1369,817,7404,8773,1023,6135,22719,4534,298,258,39,1643,59,123,18,4576,162220,176,10,486,157770,1550,2517,500,996,74,74,9,627,2500,1792,27890,8882,90481,1820,19262,15443,197675,350,13441,447,2717,355,10738,3075,682,812,707,124,82,1438,3723,124,5780,214,448,7,332,14677,3408,94,38,321,4065,16,52,38040,1469,13,696,1273,1386,7527,1998,13328,5779,8,228,27517,7579,11617,23864,10287,11036,80949,191,15,14,538,17522,671,8042,11,13624,1379,1396,436,4546,207634,523,237,10,18640,29061,429,299,2922,98,115,949,110130,79,8617,10349,154037,606,965785,1869,325,270,88,31,16,18,76,43,24,18,19,61,342,53,389,15,763,146,9,22,11,93,34,6,6,4,1,0,0
4/27/20,1703,736,3517,743,27,24,4003,1808,6721,15274,1678,80,2723,5913,80,11289,46687,64,7,1014,1565,67446,138,1363,635,109,122,1705,49616,19,46,13813,83918,5597,200,459,697,1164,2039,712,1389,822,7445,8896,1035,6293,23240,4782,323,258,39,1647,65,124,18,4695,165963,211,10,497,158758,1550,2534,530,1163,74,76,9,661,2583,1792,29451,9096,91472,1847,19648,15555,199414,364,14153,449,2835,363,10752,3288,695,818,710,124,82,1449,3729,128,5820,226,450,7,334,15529,3481,95,38,321,4120,16,52,38440,1472,13,701,1337,1399,7599,2049,13915,6021,8,228,28699,7777,11902,24027,11244,11339,87147,207,15,15,538,18811,736,8275,11,14423,1381,1402,480,4793,209465,588,275,10,18926,29164,429,299,2931,98,116,967,112261,79,9009,10839,158348,620,988197,1904,329,270,88,32,16,18,76,43,24,18,19,61,342,73,408,15,780,146,9,22,11,93,36,6,6,4,1,0,0
4/28/20,1828,750,3649,743,27,24,4127,1867,6744,15357,1717,80,2811,6462,80,12208,47334,64,7,1014,1585,73235,138,1399,638,114,122,1705,51150,50,52,14365,83940,5949,207,471,705,1183,2047,712,1437,837,7504,9049,1072,6416,24258,5042,345,315,39,1660,71,126,18,4740,169053,238,10,511,159912,1671,2566,530,1240,74,76,10,702,2649,1795,31324,9511,92584,1928,19877,15728,201505,364,13736,449,3027,374,10761,3440,708,836,717,141,82,1344,3741,128,5851,250,458,7,334,16752,3638,95,38,321,4252,16,54,38612,1474,13,709,1532,1421,7660,2131,14612,6021,8,239,31190,7958,12218,24322,11921,11616,93558,212,15,15,553,20077,823,8497,11,14951,1384,1408,528,4996,210773,619,318,10,19621,29264,429,299,2938,99,116,975,114653,79,9410,11380,162350,625,1012582,1939,329,270,95,32,16,19,76,43,24,18,19,61,343,73,424,15,790,150,9,23,11,104,36,34,6,8,1,0,0
4/29/20,1939,766,3848,743,27,24,4285,1932,6752,15402,1766,80,2921,7103,80,13181,47859,64,7,1110,1677,79685,138,1447,641,114,122,1832,52865,50,52,14885,83944,6207,207,491,713,1238,2062,712,1467,843,7579,9206,1077,6652,24675,5268,377,315,39,1666,91,130,18,4906,166543,276,10,517,161539,1671,2576,557,1351,78,76,10,738,2727,1797,33062,9771,93657,2003,20253,15834,203591,396,13895,451,3138,384,10765,3740,729,849,721,141,82,1375,3769,128,5945,278,463,8,332,17799,3771,95,38,322,4321,16,57,38998,1476,13,713,1728,1442,7710,2274,15525,6378,8,239,33931,8212,12640,24505,12564,11978,99399,225,17,16,563,21402,882,8724,11,15641,1391,1418,582,5350,212917,649,375,10,20302,29407,429,480,2947,109,116,980,117589,81,9866,11929,166441,630,1039909,2002,331,270,97,32,16,20,76,43,24,18,19,61,344,205,482,15,799,150,9,23,11,104,36,34,6,8,6,0,0
4/30/20,2171,773,4006,745,27,24,4428,2066,6766,15452,1804,81,3040,7667,81,14027,48519,64,7,1110,1757,87187,138,1506,645,121,122,1832,54457,50,73,16023,83956,6507,220,572,719,1275,2076,712,1501,850,7682,9356,1089,6972,24934,5537,395,315,39,1689,100,131,18,4995,167299,276,11,539,163009,2074,2591,599,1495,82,81,11,771,2775,1797,34863,10118,94640,2085,20612,15946,205463,422,14088,453,3402,396,10774,4024,746,858,725,141,82,1385,3784,128,6002,468,465,8,332,19224,3897,95,38,322,4423,16,57,39512,1479,14,719,1932,1465,7738,2348,16817,6532,8,266,36976,8488,12877,25045,13409,12240,106498,243,17,16,569,22753,933,9009,11,16169,1396,1429,601,5647,213435,663,442,10,21092,29586,429,480,2954,116,116,994,120204,83,10406,12481,172481,643,1069424,2039,333,270,106,40,16,20,76,43,24,18,19,61,344,205,490,15,806,151,9,23,11,124,37,35,6,14,6,1,15
5/1/20,2335,782,4154,745,30,25,4532,2148,6778,15531,1854,81,3170,8238,81,14917,49032,90,7,1229,1781,92202,138,1555,649,122,122,1832,56343,72,73,17008,83959,7006,229,604,725,1333,2085,712,1537,857,7737,9509,1097,7288,26336,5895,424,315,39,1694,106,133,18,5051,167305,276,12,566,164077,2074,2612,644,1537,82,85,11,804,2863,1798,37257,10551,95646,2153,20833,16101,207428,432,14305,459,3597,411,10780,4377,756,870,729,152,82,1399,3802,132,6071,491,467,8,332,20739,3980,95,38,322,4569,16,59,39989,1485,14,728,2170,1494,7783,2447,18114,6720,8,333,40459,8772,13105,25351,14096,12567,114431,249,17,16,580,24097,1024,9009,11,17101,1403,1434,601,5951,213435,690,533,10,21520,29705,429,480,2960,123,116,998,122392,85,10861,13038,178685,648,1103461,2086,335,270,109,40,16,20,79,44,24,18,19,63,353,257,508,15,806,151,9,23,11,136,37,45,6,16,7,1,15
5/2/20,2469,789,4295,747,35,25,4681,2273,6799,15558,1894,83,3284,8790,81,15828,49517,90,7,1229,1839,97100,138,1594,652,152,122,2077,57926,72,117,18435,83959,7285,229,674,733,1362,2088,712,1611,864,7755,9605,1112,7578,27464,6193,446,315,39,1699,108,133,18,5176,168518,335,17,582,164967,2169,2620,688,1586,82,85,11,1010,2942,1798,39699,10843,96448,2219,21176,16185,209328,463,14571,460,3857,435,10793,4619,769,871,733,154,82,1406,3812,135,6176,519,468,8,332,22088,4052,95,39,322,4729,16,59,40434,1487,14,736,2388,1506,7809,2483,19103,7090,8,370,42534,8928,13375,25190,14872,12732,124054,255,17,16,580,25459,1115,9362,11,17548,1407,1439,671,6336,216582,705,592,10,22082,29817,432,480,2966,123,116,1009,124375,88,11411,13599,183500,652,1132539,2118,345,270,119,34,16,21,79,44,24,18,19,63,353,257,544,15,823,151,9,23,15,155,38,45,6,16,10,3,76
5/3/20,2704,795,4474,748,35,25,4783,2386,6822,15597,1932,83,3383,9455,82,16705,49906,90,7,1594,1857,101826,138,1618,662,165,122,2077,60504,72,117,19663,83964,7668,229,674,739,1398,2096,712,1649,872,7781,9721,1112,7954,29538,6465,490,315,39,1700,112,135,18,5254,168925,335,17,589,165664,2169,2626,703,1586,82,88,11,1055,2998,1799,42505,11192,97424,2296,21506,16208,210717,469,14877,461,3920,465,10801,4983,795,879,737,158,82,1410,3824,149,6298,527,477,8,332,23471,4121,95,39,322,4903,16,75,40769,1487,15,750,2558,1511,7847,2568,20084,7090,8,396,45928,9223,13693,25282,15551,13163,134687,259,18,16,582,27011,1182,9464,11,18205,1408,1439,722,6783,217466,718,592,10,22317,29905,436,480,2969,124,116,1013,126045,89,11913,14163,187842,655,1158040,2149,357,271,124,34,16,21,80,44,24,18,19,63,353,257,563,15,851,155,9,23,15,166,39,46,6,16,10,3,128
5/4/20,2894,803,4648,750,35,25,4887,2507,6847,15621,1984,83,3533,10143,82,17489,50267,96,7,1681,1926,108620,138,1652,672,175,122,2104,61957,85,117,20643,83966,7973,236,682,742,1432,2101,712,1668,874,7819,9868,1116,8235,31881,6813,555,315,39,1703,116,140,18,5327,169583,367,17,593,166152,2719,2632,730,1710,92,100,11,1178,3035,1799,46437,11587,98647,2346,21772,16246,211938,471,15078,465,4049,490,10804,5278,830,896,740,166,82,1419,3828,149,6353,541,480,8,332,24905,4248,95,40,323,5053,16,75,40968,1486,15,755,2802,1518,7904,2637,20941,7197,8,415,47372,9485,14006,25524,16191,13512,145268,261,18,17,582,28656,1271,9557,11,18778,1413,1439,756,7220,218011,751,678,10,22721,29981,438,480,2987,126,116,1018,127659,97,12331,14730,191832,657,1180375,2189,357,271,137,34,16,21,80,44,24,18,19,63,362,413,580,15,855,161,9,23,15,178,41,46,6,23,12,3,230
